Time,ZONE OFFICE WHOLEBUILDING - MD OFFICE A  - STORY GROUND:KODIAK ANN HTG 99.6% CONDNS DB:Des Heat Load [W],ZONE OFFICE WHOLEBUILDING - MD OFFICE A  - STORY GROUND:KODIAK AUGUST .4% CONDNS DB=>MCWB:Des Sens Cool Load [W],ZONE OFFICE WHOLEBUILDING - MD OFFICE A  - STORY GROUND:KODIAK ANN HTG 99.6% CONDNS DB:Des Heat Mass Flow [kg/s],ZONE OFFICE WHOLEBUILDING - MD OFFICE A  - STORY GROUND:KODIAK AUGUST .4% CONDNS DB=>MCWB:Des Cool Mass Flow [kg/s],ZONE OFFICE WHOLEBUILDING - MD OFFICE A  - STORY GROUND::Des Latent Heat Load [W],ZONE OFFICE WHOLEBUILDING - MD OFFICE A  - STORY GROUND::Des Latent Cool Load [W],ZONE OFFICE WHOLEBUILDING - MD OFFICE A  - STORY GROUND::Des Latent Heat Mass Flow [kg/s],ZONE OFFICE WHOLEBUILDING - MD OFFICE A  - STORY GROUND::Des Latent Cool Mass Flow [kg/s],ZONE OFFICE WHOLEBUILDING - MD OFFICE A  - STORY GROUND::Des Heat Load No DOAS [W],ZONE OFFICE WHOLEBUILDING - MD OFFICE A  - STORY GROUND::Des Sens Cool Load No DOAS [W],ZONE OFFICE WHOLEBUILDING - MD OFFICE A  - STORY GROUND::Des Latent Heat Load No DOAS [W],ZONE OFFICE WHOLEBUILDING - MD OFFICE A  - STORY GROUND::Des Latent Cool Load No DOAS [W],ZONE OFFICE WHOLEBUILDING - MD OFFICE A  - STORY GROUND:KODIAK ANN HTG 99.6% CONDNS DB:Heating Zone Temperature [C],ZONE OFFICE WHOLEBUILDING - MD OFFICE A  - STORY GROUND:KODIAK ANN HTG 99.6% CONDNS DB:Heating Zone Relative Humidity [%],ZONE OFFICE WHOLEBUILDING - MD OFFICE A  - STORY GROUND:KODIAK AUGUST .4% CONDNS DB=>MCWB:Cooling Zone Temperature [C],ZONE OFFICE WHOLEBUILDING - MD OFFICE A  - STORY GROUND:KODIAK AUGUST .4% CONDNS DB=>MCWB:Cooling Zone Relative Humidity [%],ZONE OFFICE WHOLEBUILDING - MD OFFICE A END_A - STORY GROUND:KODIAK ANN HTG 99.6% CONDNS DB:Des Heat Load [W],ZONE OFFICE WHOLEBUILDING - MD OFFICE A END_A - STORY GROUND:KODIAK AUGUST .4% CONDNS DB=>MCWB:Des Sens Cool Load [W],ZONE OFFICE WHOLEBUILDING - MD OFFICE A END_A - STORY GROUND:KODIAK ANN HTG 99.6% CONDNS DB:Des Heat Mass Flow [kg/s],ZONE OFFICE WHOLEBUILDING - MD OFFICE A END_A - STORY GROUND:KODIAK AUGUST .4% CONDNS DB=>MCWB:Des Cool Mass Flow [kg/s],ZONE OFFICE WHOLEBUILDING - MD OFFICE A END_A - STORY GROUND::Des Latent Heat Load [W],ZONE OFFICE WHOLEBUILDING - MD OFFICE A END_A - STORY GROUND::Des Latent Cool Load [W],ZONE OFFICE WHOLEBUILDING - MD OFFICE A END_A - STORY GROUND::Des Latent Heat Mass Flow [kg/s],ZONE OFFICE WHOLEBUILDING - MD OFFICE A END_A - STORY GROUND::Des Latent Cool Mass Flow [kg/s],ZONE OFFICE WHOLEBUILDING - MD OFFICE A END_A - STORY GROUND::Des Heat Load No DOAS [W],ZONE OFFICE WHOLEBUILDING - MD OFFICE A END_A - STORY GROUND::Des Sens Cool Load No DOAS [W],ZONE OFFICE WHOLEBUILDING - MD OFFICE A END_A - STORY GROUND::Des Latent Heat Load No DOAS [W],ZONE OFFICE WHOLEBUILDING - MD OFFICE A END_A - STORY GROUND::Des Latent Cool Load No DOAS [W],ZONE OFFICE WHOLEBUILDING - MD OFFICE A END_A - STORY GROUND:KODIAK ANN HTG 99.6% CONDNS DB:Heating Zone Temperature [C],ZONE OFFICE WHOLEBUILDING - MD OFFICE A END_A - STORY GROUND:KODIAK ANN HTG 99.6% CONDNS DB:Heating Zone Relative Humidity [%],ZONE OFFICE WHOLEBUILDING - MD OFFICE A END_A - STORY GROUND:KODIAK AUGUST .4% CONDNS DB=>MCWB:Cooling Zone Temperature [C],ZONE OFFICE WHOLEBUILDING - MD OFFICE A END_A - STORY GROUND:KODIAK AUGUST .4% CONDNS DB=>MCWB:Cooling Zone Relative Humidity [%],ZONE OFFICE WHOLEBUILDING - MD OFFICE A END_B - STORY GROUND:KODIAK ANN HTG 99.6% CONDNS DB:Des Heat Load [W],ZONE OFFICE WHOLEBUILDING - MD OFFICE A END_B - STORY GROUND:KODIAK JULY .4% CONDNS DB=>MCWB:Des Sens Cool Load [W],ZONE OFFICE WHOLEBUILDING - MD OFFICE A END_B - STORY GROUND:KODIAK ANN HTG 99.6% CONDNS DB:Des Heat Mass Flow [kg/s],ZONE OFFICE WHOLEBUILDING - MD OFFICE A END_B - STORY GROUND:KODIAK JULY .4% CONDNS DB=>MCWB:Des Cool Mass Flow [kg/s],ZONE OFFICE WHOLEBUILDING - MD OFFICE A END_B - STORY GROUND::Des Latent Heat Load [W],ZONE OFFICE WHOLEBUILDING - MD OFFICE A END_B - STORY GROUND::Des Latent Cool Load [W],ZONE OFFICE WHOLEBUILDING - MD OFFICE A END_B - STORY GROUND::Des Latent Heat Mass Flow [kg/s],ZONE OFFICE WHOLEBUILDING - MD OFFICE A END_B - STORY GROUND::Des Latent Cool Mass Flow [kg/s],ZONE OFFICE WHOLEBUILDING - MD OFFICE A END_B - STORY GROUND::Des Heat Load No DOAS [W],ZONE OFFICE WHOLEBUILDING - MD OFFICE A END_B - STORY GROUND::Des Sens Cool Load No DOAS [W],ZONE OFFICE WHOLEBUILDING - MD OFFICE A END_B - STORY GROUND::Des Latent Heat Load No DOAS [W],ZONE OFFICE WHOLEBUILDING - MD OFFICE A END_B - STORY GROUND::Des Latent Cool Load No DOAS [W],ZONE OFFICE WHOLEBUILDING - MD OFFICE A END_B - STORY GROUND:KODIAK ANN HTG 99.6% CONDNS DB:Heating Zone Temperature [C],ZONE OFFICE WHOLEBUILDING - MD OFFICE A END_B - STORY GROUND:KODIAK ANN HTG 99.6% CONDNS DB:Heating Zone Relative Humidity [%],ZONE OFFICE WHOLEBUILDING - MD OFFICE A END_B - STORY GROUND:KODIAK JULY .4% CONDNS DB=>MCWB:Cooling Zone Temperature [C],ZONE OFFICE WHOLEBUILDING - MD OFFICE A END_B - STORY GROUND:KODIAK JULY .4% CONDNS DB=>MCWB:Cooling Zone Relative Humidity [%],ZONE OFFICE WHOLEBUILDING - MD OFFICE B  - STORY GROUND:KODIAK ANN HTG 99.6% CONDNS DB:Des Heat Load [W],ZONE OFFICE WHOLEBUILDING - MD OFFICE B  - STORY GROUND:KODIAK JULY .4% CONDNS DB=>MCWB:Des Sens Cool Load [W],ZONE OFFICE WHOLEBUILDING - MD OFFICE B  - STORY GROUND:KODIAK ANN HTG 99.6% CONDNS DB:Des Heat Mass Flow [kg/s],ZONE OFFICE WHOLEBUILDING - MD OFFICE B  - STORY GROUND:KODIAK JULY .4% CONDNS DB=>MCWB:Des Cool Mass Flow [kg/s],ZONE OFFICE WHOLEBUILDING - MD OFFICE B  - STORY GROUND::Des Latent Heat Load [W],ZONE OFFICE WHOLEBUILDING - MD OFFICE B  - STORY GROUND::Des Latent Cool Load [W],ZONE OFFICE WHOLEBUILDING - MD OFFICE B  - STORY GROUND::Des Latent Heat Mass Flow [kg/s],ZONE OFFICE WHOLEBUILDING - MD OFFICE B  - STORY GROUND::Des Latent Cool Mass Flow [kg/s],ZONE OFFICE WHOLEBUILDING - MD OFFICE B  - STORY GROUND::Des Heat Load No DOAS [W],ZONE OFFICE WHOLEBUILDING - MD OFFICE B  - STORY GROUND::Des Sens Cool Load No DOAS [W],ZONE OFFICE WHOLEBUILDING - MD OFFICE B  - STORY GROUND::Des Latent Heat Load No DOAS [W],ZONE OFFICE WHOLEBUILDING - MD OFFICE B  - STORY GROUND::Des Latent Cool Load No DOAS [W],ZONE OFFICE WHOLEBUILDING - MD OFFICE B  - STORY GROUND:KODIAK ANN HTG 99.6% CONDNS DB:Heating Zone Temperature [C],ZONE OFFICE WHOLEBUILDING - MD OFFICE B  - STORY GROUND:KODIAK ANN HTG 99.6% CONDNS DB:Heating Zone Relative Humidity [%],ZONE OFFICE WHOLEBUILDING - MD OFFICE B  - STORY GROUND:KODIAK JULY .4% CONDNS DB=>MCWB:Cooling Zone Temperature [C],ZONE OFFICE WHOLEBUILDING - MD OFFICE B  - STORY GROUND:KODIAK JULY .4% CONDNS DB=>MCWB:Cooling Zone Relative Humidity [%],ZONE OFFICE WHOLEBUILDING - MD OFFICE B END_A - STORY GROUND:KODIAK ANN HTG 99.6% CONDNS DB:Des Heat Load [W],ZONE OFFICE WHOLEBUILDING - MD OFFICE B END_A - STORY GROUND:KODIAK JULY .4% CONDNS DB=>MCWB:Des Sens Cool Load [W],ZONE OFFICE WHOLEBUILDING - MD OFFICE B END_A - STORY GROUND:KODIAK ANN HTG 99.6% CONDNS DB:Des Heat Mass Flow [kg/s],ZONE OFFICE WHOLEBUILDING - MD OFFICE B END_A - STORY GROUND:KODIAK JULY .4% CONDNS DB=>MCWB:Des Cool Mass Flow [kg/s],ZONE OFFICE WHOLEBUILDING - MD OFFICE B END_A - STORY GROUND::Des Latent Heat Load [W],ZONE OFFICE WHOLEBUILDING - MD OFFICE B END_A - STORY GROUND::Des Latent Cool Load [W],ZONE OFFICE WHOLEBUILDING - MD OFFICE B END_A - STORY GROUND::Des Latent Heat Mass Flow [kg/s],ZONE OFFICE WHOLEBUILDING - MD OFFICE B END_A - STORY GROUND::Des Latent Cool Mass Flow [kg/s],ZONE OFFICE WHOLEBUILDING - MD OFFICE B END_A - STORY GROUND::Des Heat Load No DOAS [W],ZONE OFFICE WHOLEBUILDING - MD OFFICE B END_A - STORY GROUND::Des Sens Cool Load No DOAS [W],ZONE OFFICE WHOLEBUILDING - MD OFFICE B END_A - STORY GROUND::Des Latent Heat Load No DOAS [W],ZONE OFFICE WHOLEBUILDING - MD OFFICE B END_A - STORY GROUND::Des Latent Cool Load No DOAS [W],ZONE OFFICE WHOLEBUILDING - MD OFFICE B END_A - STORY GROUND:KODIAK ANN HTG 99.6% CONDNS DB:Heating Zone Temperature [C],ZONE OFFICE WHOLEBUILDING - MD OFFICE B END_A - STORY GROUND:KODIAK ANN HTG 99.6% CONDNS DB:Heating Zone Relative Humidity [%],ZONE OFFICE WHOLEBUILDING - MD OFFICE B END_A - STORY GROUND:KODIAK JULY .4% CONDNS DB=>MCWB:Cooling Zone Temperature [C],ZONE OFFICE WHOLEBUILDING - MD OFFICE B END_A - STORY GROUND:KODIAK JULY .4% CONDNS DB=>MCWB:Cooling Zone Relative Humidity [%],ZONE OFFICE WHOLEBUILDING - MD OFFICE B END_B - STORY GROUND:KODIAK ANN HTG 99.6% CONDNS DB:Des Heat Load [W],ZONE OFFICE WHOLEBUILDING - MD OFFICE B END_B - STORY GROUND:KODIAK JULY .4% CONDNS DB=>MCWB:Des Sens Cool Load [W],ZONE OFFICE WHOLEBUILDING - MD OFFICE B END_B - STORY GROUND:KODIAK ANN HTG 99.6% CONDNS DB:Des Heat Mass Flow [kg/s],ZONE OFFICE WHOLEBUILDING - MD OFFICE B END_B - STORY GROUND:KODIAK JULY .4% CONDNS DB=>MCWB:Des Cool Mass Flow [kg/s],ZONE OFFICE WHOLEBUILDING - MD OFFICE B END_B - STORY GROUND::Des Latent Heat Load [W],ZONE OFFICE WHOLEBUILDING - MD OFFICE B END_B - STORY GROUND::Des Latent Cool Load [W],ZONE OFFICE WHOLEBUILDING - MD OFFICE B END_B - STORY GROUND::Des Latent Heat Mass Flow [kg/s],ZONE OFFICE WHOLEBUILDING - MD OFFICE B END_B - STORY GROUND::Des Latent Cool Mass Flow [kg/s],ZONE OFFICE WHOLEBUILDING - MD OFFICE B END_B - STORY GROUND::Des Heat Load No DOAS [W],ZONE OFFICE WHOLEBUILDING - MD OFFICE B END_B - STORY GROUND::Des Sens Cool Load No DOAS [W],ZONE OFFICE WHOLEBUILDING - MD OFFICE B END_B - STORY GROUND::Des Latent Heat Load No DOAS [W],ZONE OFFICE WHOLEBUILDING - MD OFFICE B END_B - STORY GROUND::Des Latent Cool Load No DOAS [W],ZONE OFFICE WHOLEBUILDING - MD OFFICE B END_B - STORY GROUND:KODIAK ANN HTG 99.6% CONDNS DB:Heating Zone Temperature [C],ZONE OFFICE WHOLEBUILDING - MD OFFICE B END_B - STORY GROUND:KODIAK ANN HTG 99.6% CONDNS DB:Heating Zone Relative Humidity [%],ZONE OFFICE WHOLEBUILDING - MD OFFICE B END_B - STORY GROUND:KODIAK JULY .4% CONDNS DB=>MCWB:Cooling Zone Temperature [C],ZONE OFFICE WHOLEBUILDING - MD OFFICE B END_B - STORY GROUND:KODIAK JULY .4% CONDNS DB=>MCWB:Cooling Zone Relative Humidity [%],ZONE OFFICE WHOLEBUILDING - MD OFFICE C  - STORY GROUND:KODIAK ANN HTG 99.6% CONDNS DB:Des Heat Load [W],ZONE OFFICE WHOLEBUILDING - MD OFFICE C  - STORY GROUND:KODIAK JULY .4% CONDNS DB=>MCWB:Des Sens Cool Load [W],ZONE OFFICE WHOLEBUILDING - MD OFFICE C  - STORY GROUND:KODIAK ANN HTG 99.6% CONDNS DB:Des Heat Mass Flow [kg/s],ZONE OFFICE WHOLEBUILDING - MD OFFICE C  - STORY GROUND:KODIAK JULY .4% CONDNS DB=>MCWB:Des Cool Mass Flow [kg/s],ZONE OFFICE WHOLEBUILDING - MD OFFICE C  - STORY GROUND::Des Latent Heat Load [W],ZONE OFFICE WHOLEBUILDING - MD OFFICE C  - STORY GROUND::Des Latent Cool Load [W],ZONE OFFICE WHOLEBUILDING - MD OFFICE C  - STORY GROUND::Des Latent Heat Mass Flow [kg/s],ZONE OFFICE WHOLEBUILDING - MD OFFICE C  - STORY GROUND::Des Latent Cool Mass Flow [kg/s],ZONE OFFICE WHOLEBUILDING - MD OFFICE C  - STORY GROUND::Des Heat Load No DOAS [W],ZONE OFFICE WHOLEBUILDING - MD OFFICE C  - STORY GROUND::Des Sens Cool Load No DOAS [W],ZONE OFFICE WHOLEBUILDING - MD OFFICE C  - STORY GROUND::Des Latent Heat Load No DOAS [W],ZONE OFFICE WHOLEBUILDING - MD OFFICE C  - STORY GROUND::Des Latent Cool Load No DOAS [W],ZONE OFFICE WHOLEBUILDING - MD OFFICE C  - STORY GROUND:KODIAK ANN HTG 99.6% CONDNS DB:Heating Zone Temperature [C],ZONE OFFICE WHOLEBUILDING - MD OFFICE C  - STORY GROUND:KODIAK ANN HTG 99.6% CONDNS DB:Heating Zone Relative Humidity [%],ZONE OFFICE WHOLEBUILDING - MD OFFICE C  - STORY GROUND:KODIAK JULY .4% CONDNS DB=>MCWB:Cooling Zone Temperature [C],ZONE OFFICE WHOLEBUILDING - MD OFFICE C  - STORY GROUND:KODIAK JULY .4% CONDNS DB=>MCWB:Cooling Zone Relative Humidity [%],ZONE OFFICE WHOLEBUILDING - MD OFFICE C END_A - STORY GROUND:KODIAK ANN HTG 99.6% CONDNS DB:Des Heat Load [W],ZONE OFFICE WHOLEBUILDING - MD OFFICE C END_A - STORY GROUND:KODIAK JULY .4% CONDNS DB=>MCWB:Des Sens Cool Load [W],ZONE OFFICE WHOLEBUILDING - MD OFFICE C END_A - STORY GROUND:KODIAK ANN HTG 99.6% CONDNS DB:Des Heat Mass Flow [kg/s],ZONE OFFICE WHOLEBUILDING - MD OFFICE C END_A - STORY GROUND:KODIAK JULY .4% CONDNS DB=>MCWB:Des Cool Mass Flow [kg/s],ZONE OFFICE WHOLEBUILDING - MD OFFICE C END_A - STORY GROUND::Des Latent Heat Load [W],ZONE OFFICE WHOLEBUILDING - MD OFFICE C END_A - STORY GROUND::Des Latent Cool Load [W],ZONE OFFICE WHOLEBUILDING - MD OFFICE C END_A - STORY GROUND::Des Latent Heat Mass Flow [kg/s],ZONE OFFICE WHOLEBUILDING - MD OFFICE C END_A - STORY GROUND::Des Latent Cool Mass Flow [kg/s],ZONE OFFICE WHOLEBUILDING - MD OFFICE C END_A - STORY GROUND::Des Heat Load No DOAS [W],ZONE OFFICE WHOLEBUILDING - MD OFFICE C END_A - STORY GROUND::Des Sens Cool Load No DOAS [W],ZONE OFFICE WHOLEBUILDING - MD OFFICE C END_A - STORY GROUND::Des Latent Heat Load No DOAS [W],ZONE OFFICE WHOLEBUILDING - MD OFFICE C END_A - STORY GROUND::Des Latent Cool Load No DOAS [W],ZONE OFFICE WHOLEBUILDING - MD OFFICE C END_A - STORY GROUND:KODIAK ANN HTG 99.6% CONDNS DB:Heating Zone Temperature [C],ZONE OFFICE WHOLEBUILDING - MD OFFICE C END_A - STORY GROUND:KODIAK ANN HTG 99.6% CONDNS DB:Heating Zone Relative Humidity [%],ZONE OFFICE WHOLEBUILDING - MD OFFICE C END_A - STORY GROUND:KODIAK JULY .4% CONDNS DB=>MCWB:Cooling Zone Temperature [C],ZONE OFFICE WHOLEBUILDING - MD OFFICE C END_A - STORY GROUND:KODIAK JULY .4% CONDNS DB=>MCWB:Cooling Zone Relative Humidity [%],ZONE OFFICE WHOLEBUILDING - MD OFFICE C END_B - STORY GROUND:KODIAK ANN HTG 99.6% CONDNS DB:Des Heat Load [W],ZONE OFFICE WHOLEBUILDING - MD OFFICE C END_B - STORY GROUND:KODIAK JULY .4% CONDNS DB=>MCWB:Des Sens Cool Load [W],ZONE OFFICE WHOLEBUILDING - MD OFFICE C END_B - STORY GROUND:KODIAK ANN HTG 99.6% CONDNS DB:Des Heat Mass Flow [kg/s],ZONE OFFICE WHOLEBUILDING - MD OFFICE C END_B - STORY GROUND:KODIAK JULY .4% CONDNS DB=>MCWB:Des Cool Mass Flow [kg/s],ZONE OFFICE WHOLEBUILDING - MD OFFICE C END_B - STORY GROUND::Des Latent Heat Load [W],ZONE OFFICE WHOLEBUILDING - MD OFFICE C END_B - STORY GROUND::Des Latent Cool Load [W],ZONE OFFICE WHOLEBUILDING - MD OFFICE C END_B - STORY GROUND::Des Latent Heat Mass Flow [kg/s],ZONE OFFICE WHOLEBUILDING - MD OFFICE C END_B - STORY GROUND::Des Latent Cool Mass Flow [kg/s],ZONE OFFICE WHOLEBUILDING - MD OFFICE C END_B - STORY GROUND::Des Heat Load No DOAS [W],ZONE OFFICE WHOLEBUILDING - MD OFFICE C END_B - STORY GROUND::Des Sens Cool Load No DOAS [W],ZONE OFFICE WHOLEBUILDING - MD OFFICE C END_B - STORY GROUND::Des Latent Heat Load No DOAS [W],ZONE OFFICE WHOLEBUILDING - MD OFFICE C END_B - STORY GROUND::Des Latent Cool Load No DOAS [W],ZONE OFFICE WHOLEBUILDING - MD OFFICE C END_B - STORY GROUND:KODIAK ANN HTG 99.6% CONDNS DB:Heating Zone Temperature [C],ZONE OFFICE WHOLEBUILDING - MD OFFICE C END_B - STORY GROUND:KODIAK ANN HTG 99.6% CONDNS DB:Heating Zone Relative Humidity [%],ZONE OFFICE WHOLEBUILDING - MD OFFICE C END_B - STORY GROUND:KODIAK JULY .4% CONDNS DB=>MCWB:Cooling Zone Temperature [C],ZONE OFFICE WHOLEBUILDING - MD OFFICE C END_B - STORY GROUND:KODIAK JULY .4% CONDNS DB=>MCWB:Cooling Zone Relative Humidity [%]
01:00:00,4.885901E+03,0.000000E+00,1.394532E-01,0.000000E+00,0.000000E+00,0.000000E+00,0.000000E+00,0.000000E+00,0.000000E+00,0.000000E+00,0.000000E+00,0.000000E+00,1.565274E+01,5.172396E+01,2.585058E+01,4.240659E+01,1.581067E+03,0.000000E+00,4.506207E-02,0.000000E+00,0.000000E+00,0.000000E+00,0.000000E+00,0.000000E+00,0.000000E+00,0.000000E+00,0.000000E+00,0.000000E+00,1.559185E+01,4.997827E+01,2.513888E+01,4.380607E+01,1.566206E+03,0.000000E+00,4.463857E-02,0.000000E+00,0.000000E+00,0.000000E+00,0.000000E+00,0.000000E+00,0.000000E+00,0.000000E+00,0.000000E+00,0.000000E+00,1.559189E+01,4.985698E+01,2.518934E+01,4.287438E+01,0.000000E+00,1.543732E+03,0.000000E+00,1.110201E-01,0.000000E+00,0.000000E+00,0.000000E+00,0.000000E+00,0.000000E+00,0.000000E+00,0.000000E+00,0.000000E+00,1.910126E+01,5.794225E+01,2.632297E+01,4.212227E+01,2.950633E+03,0.000000E+00,8.421812E-02,0.000000E+00,0.000000E+00,0.000000E+00,0.000000E+00,0.000000E+00,0.000000E+00,0.000000E+00,0.000000E+00,0.000000E+00,1.565339E+01,5.185212E+01,2.609757E+01,4.077206E+01,2.868542E+03,0.000000E+00,8.187762E-02,0.000000E+00,0.000000E+00,0.000000E+00,0.000000E+00,0.000000E+00,0.000000E+00,0.000000E+00,0.000000E+00,0.000000E+00,1.565564E+01,5.171636E+01,2.558456E+01,4.257268E+01,5.012743E+03,0.000000E+00,1.430687E-01,0.000000E+00,0.000000E+00,0.000000E+00,0.000000E+00,0.000000E+00,0.000000E+00,0.000000E+00,0.000000E+00,0.000000E+00,1.565055E+01,5.185350E+01,2.513547E+01,4.384956E+01,1.595731E+03,0.000000E+00,4.547995E-02,0.000000E+00,0.000000E+00,0.000000E+00,0.000000E+00,0.000000E+00,0.000000E+00,0.000000E+00,0.000000E+00,0.000000E+00,1.559181E+01,5.009760E+01,2.520571E+01,4.258044E+01,1.581040E+03,0.000000E+00,4.506129E-02,0.000000E+00,0.000000E+00,0.000000E+00,0.000000E+00,0.000000E+00,0.000000E+00,0.000000E+00,0.000000E+00,0.000000E+00,1.559185E+01,4.997803E+01,2.479196E+01,4.394200E+01
02:00:00,6.119380E+03,0.000000E+00,1.744296E-01,0.000000E+00,0.000000E+00,0.000000E+00,0.000000E+00,0.000000E+00,0.000000E+00,0.000000E+00,0.000000E+00,0.000000E+00,1.559597E+01,5.096601E+01,2.595976E+01,4.207188E+01,1.807167E+03,0.000000E+00,5.150043E-02,0.000000E+00,0.000000E+00,0.000000E+00,0.000000E+00,0.000000E+00,0.000000E+00,0.000000E+00,0.000000E+00,0.000000E+00,1.558799E+01,5.009739E+01,2.518789E+01,4.364335E+01,1.789214E+03,0.000000E+00,5.098884E-02,0.000000E+00,0.000000E+00,0.000000E+00,0.000000E+00,0.000000E+00,0.000000E+00,0.000000E+00,0.000000E+00,0.000000E+00,1.558802E+01,4.997279E+01,2.534959E+01,4.221045E+01,0.000000E+00,3.710930E+03,0.000000E+00,2.612292E-01,0.000000E+00,0.000000E+00,0.000000E+00,0.000000E+00,0.000000E+00,0.000000E+00,0.000000E+00,0.000000E+00,1.872134E+01,5.933382E+01,2.669614E+01,4.116032E+01,3.714793E+03,0.000000E+00,1.058882E-01,0.000000E+00,0.000000E+00,0.000000E+00,0.000000E+00,0.000000E+00,0.000000E+00,0.000000E+00,0.000000E+00,0.000000E+00,1.559599E+01,5.110541E+01,2.636169E+01,3.999783E+01,3.642166E+03,0.000000E+00,1.038182E-01,0.000000E+00,0.000000E+00,0.000000E+00,0.000000E+00,0.000000E+00,0.000000E+00,0.000000E+00,0.000000E+00,0.000000E+00,1.559607E+01,5.095613E+01,2.582679E+01,4.176952E+01,6.235189E+03,0.000000E+00,1.777303E-01,0.000000E+00,0.000000E+00,0.000000E+00,0.000000E+00,0.000000E+00,0.000000E+00,0.000000E+00,0.000000E+00,0.000000E+00,1.559590E+01,5.110729E+01,2.534715E+01,4.308751E+01,1.825122E+03,0.000000E+00,5.201205E-02,0.000000E+00,0.000000E+00,0.000000E+00,0.000000E+00,0.000000E+00,0.000000E+00,0.000000E+00,0.000000E+00,0.000000E+00,1.558795E+01,5.021990E+01,2.527164E+01,4.219785E+01,1.807139E+03,0.000000E+00,5.149963E-02,0.000000E+00,0.000000E+00,0.000000E+00,0.000000E+00,0.000000E+00,0.000000E+00,0.000000E+00,0.000000E+00,0.000000E+00,1.558799E+01,5.009716E+01,2.483234E+01,4.356440E+01
03:00:00,6.798285E+03,0.000000E+00,1.937682E-01,0.000000E+00,0.000000E+00,0.000000E+00,0.000000E+00,0.000000E+00,0.000000E+00,0.000000E+00,0.000000E+00,0.000000E+00,1.559358E+01,4.990734E+01,2.603853E+01,4.178938E+01,1.953995E+03,0.000000E+00,5.568289E-02,0.000000E+00,0.000000E+00,0.000000E+00,0.000000E+00,0.000000E+00,0.000000E+00,0.000000E+00,0.000000E+00,0.000000E+00,1.558686E+01,5.088319E+01,2.520673E+01,4.354253E+01,1.936547E+03,0.000000E+00,5.518569E-02,0.000000E+00,0.000000E+00,0.000000E+00,0.000000E+00,0.000000E+00,0.000000E+00,0.000000E+00,0.000000E+00,0.000000E+00,1.558686E+01,5.075255E+01,2.537916E+01,4.195430E+01,0.000000E+00,4.837951E+03,0.000000E+00,3.404808E-01,0.000000E+00,0.000000E+00,0.000000E+00,0.000000E+00,0.000000E+00,0.000000E+00,0.000000E+00,0.000000E+00,1.821431E+01,6.124987E+01,2.669959E+01,4.104775E+01,4.154351E+03,0.000000E+00,1.184095E-01,0.000000E+00,0.000000E+00,0.000000E+00,0.000000E+00,0.000000E+00,0.000000E+00,0.000000E+00,0.000000E+00,0.000000E+00,1.559358E+01,5.008176E+01,2.646988E+01,3.962180E+01,4.087498E+03,0.000000E+00,1.165042E-01,0.000000E+00,0.000000E+00,0.000000E+00,0.000000E+00,0.000000E+00,0.000000E+00,0.000000E+00,0.000000E+00,0.000000E+00,1.559366E+01,4.990809E+01,2.592538E+01,4.136510E+01,6.903875E+03,0.000000E+00,1.967773E-01,0.000000E+00,0.000000E+00,0.000000E+00,0.000000E+00,0.000000E+00,0.000000E+00,0.000000E+00,0.000000E+00,0.000000E+00,1.559350E+01,5.007191E+01,2.543711E+01,4.268399E+01,1.971420E+03,0.000000E+00,5.617943E-02,0.000000E+00,0.000000E+00,0.000000E+00,0.000000E+00,0.000000E+00,0.000000E+00,0.000000E+00,0.000000E+00,0.000000E+00,1.558685E+01,5.101199E+01,2.527131E+01,4.204353E+01,1.953967E+03,0.000000E+00,5.568209E-02,0.000000E+00,0.000000E+00,0.000000E+00,0.000000E+00,0.000000E+00,0.000000E+00,0.000000E+00,0.000000E+00,0.000000E+00,1.558686E+01,5.088297E+01,2.482811E+01,4.338356E+01
04:00:00,7.178826E+03,0.000000E+00,2.046098E-01,0.000000E+00,0.000000E+00,0.000000E+00,0.000000E+00,0.000000E+00,0.000000E+00,0.000000E+00,0.000000E+00,0.000000E+00,1.559277E+01,4.895574E+01,2.606906E+01,4.163063E+01,2.033273E+03,0.000000E+00,5.794239E-02,0.000000E+00,0.000000E+00,0.000000E+00,0.000000E+00,0.000000E+00,0.000000E+00,0.000000E+00,0.000000E+00,0.000000E+00,1.558704E+01,5.167083E+01,2.517358E+01,4.357886E+01,2.015920E+03,0.000000E+00,5.744789E-02,0.000000E+00,0.000000E+00,0.000000E+00,0.000000E+00,0.000000E+00,0.000000E+00,0.000000E+00,0.000000E+00,0.000000E+00,1.558705E+01,5.154096E+01,2.538095E+01,4.164993E+01,0.000000E+00,4.652558E+03,0.000000E+00,3.274338E-01,0.000000E+00,0.000000E+00,0.000000E+00,0.000000E+00,0.000000E+00,0.000000E+00,0.000000E+00,0.000000E+00,1.784780E+01,6.267824E+01,2.669957E+01,4.085901E+01,4.398061E+03,0.000000E+00,1.253528E-01,0.000000E+00,0.000000E+00,0.000000E+00,0.000000E+00,0.000000E+00,0.000000E+00,0.000000E+00,0.000000E+00,0.000000E+00,1.559277E+01,4.918255E+01,2.658002E+01,3.916528E+01,4.329256E+03,0.000000E+00,1.233921E-01,0.000000E+00,0.000000E+00,0.000000E+00,0.000000E+00,0.000000E+00,0.000000E+00,0.000000E+00,0.000000E+00,0.000000E+00,1.559285E+01,4.898673E+01,2.603058E+01,4.083532E+01,7.288231E+03,0.000000E+00,2.077275E-01,0.000000E+00,0.000000E+00,0.000000E+00,0.000000E+00,0.000000E+00,0.000000E+00,0.000000E+00,0.000000E+00,0.000000E+00,1.559269E+01,4.914131E+01,2.551887E+01,4.218082E+01,2.050589E+03,0.000000E+00,5.843584E-02,0.000000E+00,0.000000E+00,0.000000E+00,0.000000E+00,0.000000E+00,0.000000E+00,0.000000E+00,0.000000E+00,0.000000E+00,1.558704E+01,5.179897E+01,2.524141E+01,4.186569E+01,2.033242E+03,0.000000E+00,5.794150E-02,0.000000E+00,0.000000E+00,0.000000E+00,0.000000E+00,0.000000E+00,0.000000E+00,0.000000E+00,0.000000E+00,0.000000E+00,1.558704E+01,5.167062E+01,2.480173E+01,4.313408E+01
05:00:00,7.512515E+03,0.000000E+00,2.141003E-01,0.000000E+00,0.000000E+00,0.000000E+00,0.000000E+00,0.000000E+00,0.000000E+00,0.000000E+00,0.000000E+00,0.000000E+00,1.558953E+01,4.848828E+01,2.605893E+01,4.158456E+01,2.089453E+03,0.000000E+00,5.953910E-02,0.000000E+00,0.000000E+00,0.000000E+00,0.000000E+00,0.000000E+00,0.000000E+00,0.000000E+00,0.000000E+00,0.000000E+00,1.558459E+01,5.226266E+01,2.510530E+01,4.371914E+01,2.072156E+03,0.000000E+00,5.904621E-02,0.000000E+00,0.000000E+00,0.000000E+00,0.000000E+00,0.000000E+00,0.000000E+00,0.000000E+00,0.000000E+00,0.000000E+00,1.558459E+01,5.213735E+01,2.533996E+01,4.151008E+01,0.000000E+00,4.990330E+03,0.000000E+00,3.512045E-01,0.000000E+00,0.000000E+00,0.000000E+00,0.000000E+00,0.000000E+00,0.000000E+00,0.000000E+00,0.000000E+00,1.766083E+01,6.342128E+01,2.669960E+01,4.066124E+01,4.605580E+03,0.000000E+00,1.312554E-01,0.000000E+00,0.000000E+00,0.000000E+00,0.000000E+00,0.000000E+00,0.000000E+00,0.000000E+00,0.000000E+00,0.000000E+00,1.558961E+01,4.876551E+01,2.657654E+01,3.899045E+01,4.538676E+03,0.000000E+00,1.293488E-01,0.000000E+00,0.000000E+00,0.000000E+00,0.000000E+00,0.000000E+00,0.000000E+00,0.000000E+00,0.000000E+00,0.000000E+00,1.558963E+01,4.855345E+01,2.604240E+01,4.055552E+01,7.618905E+03,0.000000E+00,2.171322E-01,0.000000E+00,0.000000E+00,0.000000E+00,0.000000E+00,0.000000E+00,0.000000E+00,0.000000E+00,0.000000E+00,0.000000E+00,1.558950E+01,4.868969E+01,2.552675E+01,4.188789E+01,2.106707E+03,0.000000E+00,6.003076E-02,0.000000E+00,0.000000E+00,0.000000E+00,0.000000E+00,0.000000E+00,0.000000E+00,0.000000E+00,0.000000E+00,0.000000E+00,1.558460E+01,5.238627E+01,2.518480E+01,4.180421E+01,2.089420E+03,0.000000E+00,5.953816E-02,0.000000E+00,0.000000E+00,0.000000E+00,0.000000E+00,0.000000E+00,0.000000E+00,0.000000E+00,0.000000E+00,0.000000E+00,1.558459E+01,5.226245E+01,2.475445E+01,4.299969E+01
06:00:00,1.312978E+04,7.727148E+02,3.897759E-01,5.767968E-02,0.000000E+00,0.000000E+00,0.000000E+00,0.000000E+00,0.000000E+00,0.000000E+00,0.000000E+00,0.000000E+00,1.723285E+01,4.592114E+01,2.577019E+01,4.218819E+01,3.182545E+03,0.000000E+00,9.490850E-02,0.000000E+00,0.000000E+00,0.000000E+00,0.000000E+00,0.000000E+00,0.000000E+00,0.000000E+00,0.000000E+00,0.000000E+00,1.722028E+01,4.994975E+01,2.499091E+01,4.399031E+01,3.162840E+03,1.123044E+02,9.431897E-02,8.535615E-03,0.000000E+00,0.000000E+00,0.000000E+00,0.000000E+00,0.000000E+00,0.000000E+00,0.000000E+00,0.000000E+00,1.722039E+01,4.985840E+01,2.558016E+01,4.075426E+01,1.512525E+03,1.260749E+04,4.576360E-02,9.120825E-01,0.000000E+00,0.000000E+00,0.000000E+00,0.000000E+00,0.000000E+00,0.000000E+00,0.000000E+00,0.000000E+00,1.759309E+01,6.369291E+01,2.593290E+01,4.218428E+01,8.102543E+03,1.248672E+03,2.406050E-01,9.118384E-02,0.000000E+00,0.000000E+00,0.000000E+00,0.000000E+00,0.000000E+00,0.000000E+00,0.000000E+00,0.000000E+00,1.723269E+01,4.626100E+01,2.590173E+01,4.041758E+01,8.007854E+03,1.513044E+03,2.377703E-01,1.136423E-01,0.000000E+00,0.000000E+00,0.000000E+00,0.000000E+00,0.000000E+00,0.000000E+00,0.000000E+00,0.000000E+00,1.723280E+01,4.607409E+01,2.578615E+01,4.093152E+01,1.331690E+04,7.854331E+02,3.953780E-01,5.958211E-02,0.000000E+00,0.000000E+00,0.000000E+00,0.000000E+00,0.000000E+00,0.000000E+00,0.000000E+00,0.000000E+00,1.723275E+01,4.610960E+01,2.565487E+01,4.130856E+01,3.202172E+03,0.000000E+00,9.549571E-02,0.000000E+00,0.000000E+00,0.000000E+00,0.000000E+00,0.000000E+00,0.000000E+00,0.000000E+00,0.000000E+00,0.000000E+00,1.722016E+01,5.003977E+01,2.542332E+01,4.105949E+01,3.182499E+03,6.968416E+01,9.490713E-02,5.299714E-03,0.000000E+00,0.000000E+00,0.000000E+00,0.000000E+00,0.000000E+00,0.000000E+00,0.000000E+00,0.000000E+00,1.722028E+01,4.994957E+01,2.532969E+01,4.136436E+01
07:00:00,2.093212E+04,3.156152E+03,6.642725E-01,2.468225E-01,0.000000E+00,0.000000E+00,0.000000E+00,0.000000E+00,0.000000E+00,0.000000E+00,0.000000E+00,0.000000E+00,1.927613E+01,4.408266E+01,2.518293E+01,4.396294E+01,4.302852E+03,7.242385E+01,1.369162E-01,5.808235E-03,0.000000E+00,0.000000E+00,0.000000E+00,0.000000E+00,0.000000E+00,0.000000E+00,0.000000E+00,0.000000E+00,1.926363E+01,4.703380E+01,2.499325E+01,4.443369E+01,4.282408E+03,8.738519E+02,1.362640E-01,6.845309E-02,0.000000E+00,0.000000E+00,0.000000E+00,0.000000E+00,0.000000E+00,0.000000E+00,0.000000E+00,0.000000E+00,1.926375E+01,4.697610E+01,2.525431E+01,4.199075E+01,2.308662E+04,2.356776E+04,7.159310E-01,1.836025E+00,0.000000E+00,0.000000E+00,0.000000E+00,0.000000E+00,0.000000E+00,0.000000E+00,0.000000E+00,0.000000E+00,1.945255E+01,5.668811E+01,2.525060E+01,4.405482E+01,1.286538E+04,2.918852E+03,4.083519E-01,2.276892E-01,0.000000E+00,0.000000E+00,0.000000E+00,0.000000E+00,0.000000E+00,0.000000E+00,0.000000E+00,0.000000E+00,1.927590E+01,4.439775E+01,2.525130E+01,4.238594E+01,1.277690E+04,5.651455E+03,4.055274E-01,4.420784E-01,0.000000E+00,0.000000E+00,0.000000E+00,0.000000E+00,0.000000E+00,0.000000E+00,0.000000E+00,0.000000E+00,1.927599E+01,4.426834E+01,2.526866E+01,4.249523E+01,2.107273E+04,3.783141E+03,6.687611E-01,2.950006E-01,0.000000E+00,0.000000E+00,0.000000E+00,0.000000E+00,0.000000E+00,0.000000E+00,0.000000E+00,0.000000E+00,1.927604E+01,4.421460E+01,2.525209E+01,4.263017E+01,4.323219E+03,3.705488E+02,1.375658E-01,2.908917E-02,0.000000E+00,0.000000E+00,0.000000E+00,0.000000E+00,0.000000E+00,0.000000E+00,0.000000E+00,0.000000E+00,1.926352E+01,4.709065E+01,2.520039E+01,4.202890E+01,4.302804E+03,8.382781E+02,1.369146E-01,6.594280E-02,0.000000E+00,0.000000E+00,0.000000E+00,0.000000E+00,0.000000E+00,0.000000E+00,0.000000E+00,0.000000E+00,1.926363E+01,4.703367E+01,2.521495E+01,4.208020E+01
08:00:00,2.398114E+04,6.475625E+03,7.999349E-01,5.462372E-01,0.000000E+00,0.000000E+00,0.000000E+00,0.000000E+00,0.000000E+00,0.000000E+00,0.000000E+00,0.000000E+00,2.067580E+01,4.292079E+01,2.428076E+01,4.698406E+01,4.667246E+03,5.404912E+02,1.558171E-01,4.548449E-02,0.000000E+00,0.000000E+00,0.000000E+00,0.000000E+00,0.000000E+00,0.000000E+00,0.000000E+00,0.000000E+00,2.066100E+01,4.475246E+01,2.427235E+01,4.714044E+01,4.646385E+03,1.905883E+03,1.551204E-01,1.601525E-01,0.000000E+00,0.000000E+00,0.000000E+00,0.000000E+00,0.000000E+00,0.000000E+00,0.000000E+00,0.000000E+00,2.066116E+01,4.471274E+01,2.441435E+01,4.495429E+01,3.441011E+04,3.454138E+04,1.142188E+00,2.888057E+00,0.000000E+00,0.000000E+00,0.000000E+00,0.000000E+00,0.000000E+00,0.000000E+00,0.000000E+00,0.000000E+00,2.073303E+01,5.236837E+01,2.438716E+01,4.692009E+01,1.471417E+04,4.807927E+03,4.908547E-01,4.030774E-01,0.000000E+00,0.000000E+00,0.000000E+00,0.000000E+00,0.000000E+00,0.000000E+00,0.000000E+00,0.000000E+00,2.067556E+01,4.318705E+01,2.438658E+01,4.556015E+01,1.462555E+04,9.822216E+03,4.878919E-01,8.246353E-01,0.000000E+00,0.000000E+00,0.000000E+00,0.000000E+00,0.000000E+00,0.000000E+00,0.000000E+00,0.000000E+00,2.067568E+01,4.309770E+01,2.442113E+01,4.523232E+01,2.412232E+04,6.685501E+03,8.046550E-01,5.597241E-01,0.000000E+00,0.000000E+00,0.000000E+00,0.000000E+00,0.000000E+00,0.000000E+00,0.000000E+00,0.000000E+00,2.067569E+01,4.301146E+01,2.438165E+01,4.578842E+01,4.688038E+03,9.050032E+02,1.565116E-01,7.595241E-02,0.000000E+00,0.000000E+00,0.000000E+00,0.000000E+00,0.000000E+00,0.000000E+00,0.000000E+00,0.000000E+00,2.066084E+01,4.479161E+01,2.437980E+01,4.518583E+01,4.667201E+03,1.870457E+03,1.558156E-01,1.572045E-01,0.000000E+00,0.000000E+00,0.000000E+00,0.000000E+00,0.000000E+00,0.000000E+00,0.000000E+00,0.000000E+00,2.066100E+01,4.475237E+01,2.441149E+01,4.496374E+01
09:00:00,1.962468E+04,6.137437E+03,6.635015E-01,5.358708E-01,0.000000E+00,0.000000E+00,0.000000E+00,0.000000E+00,0.000000E+00,0.000000E+00,0.000000E+00,0.000000E+00,2.099431E+01,4.407334E+01,2.399936E+01,4.783817E+01,3.939683E+03,6.102588E+02,1.331899E-01,5.328216E-02,0.000000E+00,0.000000E+00,0.000000E+00,0.000000E+00,0.000000E+00,0.000000E+00,0.000000E+00,0.000000E+00,2.099235E+01,4.478551E+01,2.399949E+01,4.803184E+01,3.919011E+03,1.953641E+03,1.324910E-01,1.704970E-01,0.000000E+00,0.000000E+00,0.000000E+00,0.000000E+00,0.000000E+00,0.000000E+00,0.000000E+00,0.000000E+00,2.099234E+01,4.475678E+01,2.400455E+01,4.615987E+01,2.213769E+04,2.817762E+04,7.486121E-01,2.460136E+00,0.000000E+00,0.000000E+00,0.000000E+00,0.000000E+00,0.000000E+00,0.000000E+00,0.000000E+00,0.000000E+00,2.100000E+01,5.151514E+01,2.399983E+01,4.816777E+01,1.201729E+04,4.088776E+03,4.063004E-01,3.569628E-01,0.000000E+00,0.000000E+00,0.000000E+00,0.000000E+00,0.000000E+00,0.000000E+00,0.000000E+00,0.000000E+00,2.099439E+01,4.430075E+01,2.400048E+01,4.697642E+01,1.193068E+04,9.627743E+03,4.033720E-01,8.401906E-01,0.000000E+00,0.000000E+00,0.000000E+00,0.000000E+00,0.000000E+00,0.000000E+00,0.000000E+00,0.000000E+00,2.099437E+01,4.424111E+01,2.400503E+01,4.635556E+01,1.976276E+04,5.202684E+03,6.681705E-01,4.542251E-01,0.000000E+00,0.000000E+00,0.000000E+00,0.000000E+00,0.000000E+00,0.000000E+00,0.000000E+00,0.000000E+00,2.099433E+01,4.413358E+01,2.400012E+01,4.720916E+01,3.960295E+03,7.428448E+02,1.338868E-01,6.485268E-02,0.000000E+00,0.000000E+00,0.000000E+00,0.000000E+00,0.000000E+00,0.000000E+00,0.000000E+00,0.000000E+00,2.099235E+01,4.481387E+01,2.400047E+01,4.661512E+01,3.939644E+03,1.825256E+03,1.331886E-01,1.592958E-01,0.000000E+00,0.000000E+00,0.000000E+00,0.000000E+00,0.000000E+00,0.000000E+00,0.000000E+00,0.000000E+00,2.099235E+01,4.478545E+01,2.400433E+01,4.617127E+01
10:00:00,1.869572E+04,8.348631E+03,6.320357E-01,7.289661E-01,0.000000E+00,0.000000E+00,0.000000E+00,0.000000E+00,0.000000E+00,0.000000E+00,0.000000E+00,0.000000E+00,2.099164E+01,4.402360E+01,2.399886E+01,4.783316E+01,3.683893E+03,9.174013E+02,1.245316E-01,8.010208E-02,0.000000E+00,0.000000E+00,0.000000E+00,0.000000E+00,0.000000E+00,0.000000E+00,0.000000E+00,0.000000E+00,2.098983E+01,4.433802E+01,2.399906E+01,4.793215E+01,3.663281E+03,2.150209E+03,1.238348E-01,1.877197E-01,0.000000E+00,0.000000E+00,0.000000E+00,0.000000E+00,0.000000E+00,0.000000E+00,0.000000E+00,0.000000E+00,2.098983E+01,4.430682E+01,2.400049E+01,4.617445E+01,2.241078E+04,3.071595E+04,7.578471E-01,2.682041E+00,0.000000E+00,0.000000E+00,0.000000E+00,0.000000E+00,0.000000E+00,0.000000E+00,0.000000E+00,0.000000E+00,2.100000E+01,5.151514E+01,2.399862E+01,4.825516E+01,1.139722E+04,4.272523E+03,3.853028E-01,3.730414E-01,0.000000E+00,0.000000E+00,0.000000E+00,0.000000E+00,0.000000E+00,0.000000E+00,0.000000E+00,0.000000E+00,2.099188E+01,4.422451E+01,2.399937E+01,4.714734E+01,1.131155E+04,9.722464E+03,3.824060E-01,8.488025E-01,0.000000E+00,0.000000E+00,0.000000E+00,0.000000E+00,0.000000E+00,0.000000E+00,0.000000E+00,0.000000E+00,2.099186E+01,4.416807E+01,2.400046E+01,4.634112E+01,1.883234E+04,5.560932E+03,6.366549E-01,4.855358E-01,0.000000E+00,0.000000E+00,0.000000E+00,0.000000E+00,0.000000E+00,0.000000E+00,0.000000E+00,0.000000E+00,2.099166E+01,4.408049E+01,2.399934E+01,4.742857E+01,3.704447E+03,7.668795E+02,1.252264E-01,6.695609E-02,0.000000E+00,0.000000E+00,0.000000E+00,0.000000E+00,0.000000E+00,0.000000E+00,0.000000E+00,0.000000E+00,2.098983E+01,4.436885E+01,2.399962E+01,4.680687E+01,3.683854E+03,1.856039E+03,1.245303E-01,1.620389E-01,0.000000E+00,0.000000E+00,0.000000E+00,0.000000E+00,0.000000E+00,0.000000E+00,0.000000E+00,0.000000E+00,2.098983E+01,4.433796E+01,2.400041E+01,4.620435E+01
11:00:00,1.781058E+04,1.043941E+04,6.021042E-01,9.115585E-01,0.000000E+00,0.000000E+00,0.000000E+00,0.000000E+00,0.000000E+00,0.000000E+00,0.000000E+00,0.000000E+00,2.099124E+01,4.424185E+01,2.399844E+01,4.743663E+01,3.534590E+03,1.217738E+03,1.194809E-01,1.063297E-01,0.000000E+00,0.000000E+00,0.000000E+00,0.000000E+00,0.000000E+00,0.000000E+00,0.000000E+00,0.000000E+00,2.098897E+01,4.387076E+01,2.399864E+01,4.738539E+01,3.513864E+03,2.320054E+03,1.187803E-01,2.025642E-01,0.000000E+00,0.000000E+00,0.000000E+00,0.000000E+00,0.000000E+00,0.000000E+00,0.000000E+00,0.000000E+00,2.098897E+01,4.383723E+01,2.399957E+01,4.603264E+01,1.981078E+04,2.991282E+04,6.699250E-01,2.611999E+00,0.000000E+00,0.000000E+00,0.000000E+00,0.000000E+00,0.000000E+00,0.000000E+00,0.000000E+00,0.000000E+00,2.100000E+01,5.151515E+01,2.399825E+01,4.815297E+01,1.084198E+04,4.263932E+03,3.665269E-01,3.723008E-01,0.000000E+00,0.000000E+00,0.000000E+00,0.000000E+00,0.000000E+00,0.000000E+00,0.000000E+00,0.000000E+00,2.099150E+01,4.439981E+01,2.399908E+01,4.707420E+01,1.075622E+04,9.252255E+03,3.636275E-01,8.078276E-01,0.000000E+00,0.000000E+00,0.000000E+00,0.000000E+00,0.000000E+00,0.000000E+00,0.000000E+00,0.000000E+00,2.099148E+01,4.435284E+01,2.399941E+01,4.623134E+01,1.794730E+04,5.601876E+03,6.067262E-01,4.891219E-01,0.000000E+00,0.000000E+00,0.000000E+00,0.000000E+00,0.000000E+00,0.000000E+00,0.000000E+00,0.000000E+00,2.099125E+01,4.428851E+01,2.399908E+01,4.741005E+01,3.555257E+03,7.889223E+02,1.201795E-01,6.888194E-02,0.000000E+00,0.000000E+00,0.000000E+00,0.000000E+00,0.000000E+00,0.000000E+00,0.000000E+00,0.000000E+00,2.098897E+01,4.390391E+01,2.399941E+01,4.673155E+01,3.534551E+03,1.803381E+03,1.194796E-01,1.574535E-01,0.000000E+00,0.000000E+00,0.000000E+00,0.000000E+00,0.000000E+00,0.000000E+00,0.000000E+00,0.000000E+00,2.098897E+01,4.387070E+01,2.399957E+01,4.608735E+01
12:00:00,1.746363E+04,1.257419E+04,5.903834E-01,1.097971E+00,0.000000E+00,0.000000E+00,0.000000E+00,0.000000E+00,0.000000E+00,0.000000E+00,0.000000E+00,0.000000E+00,2.099165E+01,4.401683E+01,2.399837E+01,4.699836E+01,3.473271E+03,1.509972E+03,1.174060E-01,1.318470E-01,0.000000E+00,0.000000E+00,0.000000E+00,0.000000E+00,0.000000E+00,0.000000E+00,0.000000E+00,0.000000E+00,2.098844E+01,4.347261E+01,2.399862E+01,4.686116E+01,3.452515E+03,2.389852E+03,1.167044E-01,2.086603E-01,0.000000E+00,0.000000E+00,0.000000E+00,0.000000E+00,0.000000E+00,0.000000E+00,0.000000E+00,0.000000E+00,2.098845E+01,4.343526E+01,2.399946E+01,4.597962E+01,1.905975E+04,3.014622E+04,6.445282E-01,2.632370E+00,0.000000E+00,0.000000E+00,0.000000E+00,0.000000E+00,0.000000E+00,0.000000E+00,0.000000E+00,0.000000E+00,2.100000E+01,5.151516E+01,2.399829E+01,4.804738E+01,1.062298E+04,4.365995E+03,3.591278E-01,3.812124E-01,0.000000E+00,0.000000E+00,0.000000E+00,0.000000E+00,0.000000E+00,0.000000E+00,0.000000E+00,0.000000E+00,2.099186E+01,4.415102E+01,2.399908E+01,4.697225E+01,1.053732E+04,8.413718E+03,3.562320E-01,7.346217E-01,0.000000E+00,0.000000E+00,0.000000E+00,0.000000E+00,0.000000E+00,0.000000E+00,0.000000E+00,0.000000E+00,2.099186E+01,4.410471E+01,2.399928E+01,4.622875E+01,1.760014E+04,5.827461E+03,5.949985E-01,5.088201E-01,0.000000E+00,0.000000E+00,0.000000E+00,0.000000E+00,0.000000E+00,0.000000E+00,0.000000E+00,0.000000E+00,2.099165E+01,4.406220E+01,2.399905E+01,4.731692E+01,3.493966E+03,8.338695E+02,1.181055E-01,7.280640E-02,0.000000E+00,0.000000E+00,0.000000E+00,0.000000E+00,0.000000E+00,0.000000E+00,0.000000E+00,0.000000E+00,2.098844E+01,4.350954E+01,2.399940E+01,4.662312E+01,3.473230E+03,1.659431E+03,1.174046E-01,1.448860E-01,0.000000E+00,0.000000E+00,0.000000E+00,0.000000E+00,0.000000E+00,0.000000E+00,0.000000E+00,0.000000E+00,2.098844E+01,4.347254E+01,2.399950E+01,4.606716E+01
13:00:00,1.722912E+04,1.431253E+04,5.824538E-01,1.249747E+00,0.000000E+00,0.000000E+00,0.000000E+00,0.000000E+00,0.000000E+00,0.000000E+00,0.000000E+00,0.000000E+00,2.099156E+01,4.377120E+01,2.399851E+01,4.669310E+01,3.436009E+03,1.726560E+03,1.161444E-01,1.507566E-01,0.000000E+00,0.000000E+00,0.000000E+00,0.000000E+00,0.000000E+00,0.000000E+00,0.000000E+00,0.000000E+00,2.098794E+01,4.329706E+01,2.399880E+01,4.655559E+01,3.414953E+03,2.287707E+03,1.154327E-01,1.997416E-01,0.000000E+00,0.000000E+00,0.000000E+00,0.000000E+00,0.000000E+00,0.000000E+00,0.000000E+00,0.000000E+00,2.098795E+01,4.325725E+01,2.399948E+01,4.597982E+01,1.851624E+04,3.034134E+04,6.261487E-01,2.649395E+00,0.000000E+00,0.000000E+00,0.000000E+00,0.000000E+00,0.000000E+00,0.000000E+00,0.000000E+00,0.000000E+00,2.100000E+01,5.151517E+01,2.399835E+01,4.799243E+01,1.047728E+04,4.450609E+03,3.542009E-01,3.885991E-01,0.000000E+00,0.000000E+00,0.000000E+00,0.000000E+00,0.000000E+00,0.000000E+00,0.000000E+00,0.000000E+00,2.099175E+01,4.389756E+01,2.399912E+01,4.692370E+01,1.039171E+04,7.046715E+03,3.513082E-01,6.152642E-01,0.000000E+00,0.000000E+00,0.000000E+00,0.000000E+00,0.000000E+00,0.000000E+00,0.000000E+00,0.000000E+00,2.099175E+01,4.384859E+01,2.399931E+01,4.629242E+01,1.736546E+04,6.016536E+03,5.870628E-01,5.253285E-01,0.000000E+00,0.000000E+00,0.000000E+00,0.000000E+00,0.000000E+00,0.000000E+00,0.000000E+00,0.000000E+00,2.099156E+01,4.381880E+01,2.399906E+01,4.724471E+01,3.457003E+03,8.730495E+02,1.168541E-01,7.622709E-02,0.000000E+00,0.000000E+00,0.000000E+00,0.000000E+00,0.000000E+00,0.000000E+00,0.000000E+00,0.000000E+00,2.098794E+01,4.333637E+01,2.399942E+01,4.656717E+01,3.435969E+03,1.401478E+03,1.161431E-01,1.223636E-01,0.000000E+00,0.000000E+00,0.000000E+00,0.000000E+00,0.000000E+00,0.000000E+00,0.000000E+00,0.000000E+00,2.098794E+01,4.329698E+01,2.399953E+01,4.611317E+01
14:00:00,1.703958E+04,1.535545E+04,5.760424E-01,1.340791E+00,0.000000E+00,0.000000E+00,0.000000E+00,0.000000E+00,0.000000E+00,0.000000E+00,0.000000E+00,0.000000E+00,2.099138E+01,4.362897E+01,2.399869E+01,4.652920E+01,3.407626E+03,1.866623E+03,1.151841E-01,1.629838E-01,0.000000E+00,0.000000E+00,0.000000E+00,0.000000E+00,0.000000E+00,0.000000E+00,0.000000E+00,0.000000E+00,2.098770E+01,4.323613E+01,2.399898E+01,4.642350E+01,3.386752E+03,2.181632E+03,1.144785E-01,1.904797E-01,0.000000E+00,0.000000E+00,0.000000E+00,0.000000E+00,0.000000E+00,0.000000E+00,0.000000E+00,0.000000E+00,2.098771E+01,4.319506E+01,2.399950E+01,4.599685E+01,1.805283E+04,3.037143E+04,6.104778E-01,2.652015E+00,0.000000E+00,0.000000E+00,0.000000E+00,0.000000E+00,0.000000E+00,0.000000E+00,0.000000E+00,0.000000E+00,2.100000E+01,5.151517E+01,2.399838E+01,4.797222E+01,1.036086E+04,4.561598E+03,3.502627E-01,3.982892E-01,0.000000E+00,0.000000E+00,0.000000E+00,0.000000E+00,0.000000E+00,0.000000E+00,0.000000E+00,0.000000E+00,2.099155E+01,4.375472E+01,2.399914E+01,4.690950E+01,1.027534E+04,6.077313E+03,3.473715E-01,5.306217E-01,0.000000E+00,0.000000E+00,0.000000E+00,0.000000E+00,0.000000E+00,0.000000E+00,0.000000E+00,0.000000E+00,2.099155E+01,4.370326E+01,2.399934E+01,4.639916E+01,1.717583E+04,6.123022E+03,5.806482E-01,5.346255E-01,0.000000E+00,0.000000E+00,0.000000E+00,0.000000E+00,0.000000E+00,0.000000E+00,0.000000E+00,0.000000E+00,2.099137E+01,4.367886E+01,2.399908E+01,4.720038E+01,3.428438E+03,9.099379E+02,1.158876E-01,7.944778E-02,0.000000E+00,0.000000E+00,0.000000E+00,0.000000E+00,0.000000E+00,0.000000E+00,0.000000E+00,0.000000E+00,2.098770E+01,4.327668E+01,2.399943E+01,4.654299E+01,3.407585E+03,1.210091E+03,1.151827E-01,1.056533E-01,0.000000E+00,0.000000E+00,0.000000E+00,0.000000E+00,0.000000E+00,0.000000E+00,0.000000E+00,0.000000E+00,2.098770E+01,4.323605E+01,2.399956E+01,4.619140E+01
15:00:00,1.687525E+04,1.555668E+04,5.704850E-01,1.358345E+00,0.000000E+00,0.000000E+00,0.000000E+00,0.000000E+00,0.000000E+00,0.000000E+00,0.000000E+00,0.000000E+00,2.099127E+01,4.355667E+01,2.399883E+01,4.645294E+01,3.383958E+03,2.129970E+03,1.143838E-01,1.859762E-01,0.000000E+00,0.000000E+00,0.000000E+00,0.000000E+00,0.000000E+00,0.000000E+00,0.000000E+00,0.000000E+00,2.098764E+01,4.319251E+01,2.399908E+01,4.636558E+01,3.363130E+03,2.138583E+03,1.136798E-01,1.867210E-01,0.000000E+00,0.000000E+00,0.000000E+00,0.000000E+00,0.000000E+00,0.000000E+00,0.000000E+00,0.000000E+00,2.098765E+01,4.315102E+01,2.399951E+01,4.601528E+01,1.764349E+04,3.028786E+04,5.966357E-01,2.644713E+00,0.000000E+00,0.000000E+00,0.000000E+00,0.000000E+00,0.000000E+00,0.000000E+00,0.000000E+00,0.000000E+00,2.100000E+01,5.151517E+01,2.399840E+01,4.796640E+01,1.026053E+04,5.609306E+03,3.468697E-01,4.897686E-01,0.000000E+00,0.000000E+00,0.000000E+00,0.000000E+00,0.000000E+00,0.000000E+00,0.000000E+00,0.000000E+00,2.099144E+01,4.368313E+01,2.399913E+01,4.689687E+01,1.017508E+04,5.744545E+03,3.439809E-01,5.015674E-01,0.000000E+00,0.000000E+00,0.000000E+00,0.000000E+00,0.000000E+00,0.000000E+00,0.000000E+00,0.000000E+00,2.099145E+01,4.363022E+01,2.399934E+01,4.651920E+01,1.701137E+04,6.122384E+03,5.750864E-01,5.345692E-01,0.000000E+00,0.000000E+00,0.000000E+00,0.000000E+00,0.000000E+00,0.000000E+00,0.000000E+00,0.000000E+00,2.099127E+01,4.360791E+01,2.399909E+01,4.717277E+01,3.404723E+03,1.110900E+03,1.150857E-01,9.699403E-02,0.000000E+00,0.000000E+00,0.000000E+00,0.000000E+00,0.000000E+00,0.000000E+00,0.000000E+00,0.000000E+00,2.098764E+01,4.323347E+01,2.399943E+01,4.652180E+01,3.383916E+03,1.134626E+03,1.143824E-01,9.906445E-02,0.000000E+00,0.000000E+00,0.000000E+00,0.000000E+00,0.000000E+00,0.000000E+00,0.000000E+00,0.000000E+00,2.098764E+01,4.319243E+01,2.399956E+01,4.627519E+01
16:00:00,1.672799E+04,1.483045E+04,5.655060E-01,1.294923E+00,0.000000E+00,0.000000E+00,0.000000E+00,0.000000E+00,0.000000E+00,0.000000E+00,0.000000E+00,0.000000E+00,2.099124E+01,4.350355E+01,2.399893E+01,4.642718E+01,3.363154E+03,2.362882E+03,1.136805E-01,2.063128E-01,0.000000E+00,0.000000E+00,0.000000E+00,0.000000E+00,0.000000E+00,0.000000E+00,0.000000E+00,0.000000E+00,2.098763E+01,4.314260E+01,2.399907E+01,4.629448E+01,3.342346E+03,2.023141E+03,1.129772E-01,1.766419E-01,0.000000E+00,0.000000E+00,0.000000E+00,0.000000E+00,0.000000E+00,0.000000E+00,0.000000E+00,0.000000E+00,2.098763E+01,4.310086E+01,2.399950E+01,4.602614E+01,1.726942E+04,3.005076E+04,5.839858E-01,2.624007E+00,0.000000E+00,0.000000E+00,0.000000E+00,0.000000E+00,0.000000E+00,0.000000E+00,0.000000E+00,0.000000E+00,2.100000E+01,5.151518E+01,2.399841E+01,4.796632E+01,1.017083E+04,6.920882E+03,3.438369E-01,6.042950E-01,0.000000E+00,0.000000E+00,0.000000E+00,0.000000E+00,0.000000E+00,0.000000E+00,0.000000E+00,0.000000E+00,2.099141E+01,4.363032E+01,2.399898E+01,4.678661E+01,1.008547E+04,5.491213E+03,3.409512E-01,4.794510E-01,0.000000E+00,0.000000E+00,0.000000E+00,0.000000E+00,0.000000E+00,0.000000E+00,0.000000E+00,0.000000E+00,2.099141E+01,4.357662E+01,2.399928E+01,4.660630E+01,1.686394E+04,5.997457E+03,5.701020E-01,5.236606E-01,0.000000E+00,0.000000E+00,0.000000E+00,0.000000E+00,0.000000E+00,0.000000E+00,0.000000E+00,0.000000E+00,2.099124E+01,4.355553E+01,2.399910E+01,4.715894E+01,3.383899E+03,1.368642E+03,1.143818E-01,1.194988E-01,0.000000E+00,0.000000E+00,0.000000E+00,0.000000E+00,0.000000E+00,0.000000E+00,0.000000E+00,0.000000E+00,2.098763E+01,4.318381E+01,2.399934E+01,4.643852E+01,3.363112E+03,1.073073E+03,1.136791E-01,9.369054E-02,0.000000E+00,0.000000E+00,0.000000E+00,0.000000E+00,0.000000E+00,0.000000E+00,0.000000E+00,0.000000E+00,2.098763E+01,4.314252E+01,2.399952E+01,4.633436E+01
17:00:00,1.659482E+04,1.326412E+04,5.610039E-01,1.158149E+00,0.000000E+00,0.000000E+00,0.000000E+00,0.000000E+00,0.000000E+00,0.000000E+00,0.000000E+00,0.000000E+00,2.099123E+01,4.344844E+01,2.399902E+01,4.644447E+01,3.344540E+03,2.465678E+03,1.130513E-01,2.152881E-01,0.000000E+00,0.000000E+00,0.000000E+00,0.000000E+00,0.000000E+00,0.000000E+00,0.000000E+00,0.000000E+00,2.098760E+01,4.309395E+01,2.399908E+01,4.622078E+01,3.323741E+03,1.794955E+03,1.123482E-01,1.567188E-01,0.000000E+00,0.000000E+00,0.000000E+00,0.000000E+00,0.000000E+00,0.000000E+00,0.000000E+00,0.000000E+00,2.098760E+01,4.305185E+01,2.399950E+01,4.604236E+01,1.692562E+04,2.958872E+04,5.723601E-01,2.583660E+00,0.000000E+00,0.000000E+00,0.000000E+00,0.000000E+00,0.000000E+00,0.000000E+00,0.000000E+00,0.000000E+00,2.100000E+01,5.151518E+01,2.399842E+01,4.797264E+01,1.008980E+04,8.143966E+03,3.410975E-01,7.110947E-01,0.000000E+00,0.000000E+00,0.000000E+00,0.000000E+00,0.000000E+00,0.000000E+00,0.000000E+00,0.000000E+00,2.099140E+01,4.357530E+01,2.399888E+01,4.659584E+01,1.000452E+04,5.207271E+03,3.382145E-01,4.546611E-01,0.000000E+00,0.000000E+00,0.000000E+00,0.000000E+00,0.000000E+00,0.000000E+00,0.000000E+00,0.000000E+00,2.099140E+01,4.352099E+01,2.399924E+01,4.665981E+01,1.673063E+04,5.773302E+03,5.655952E-01,5.040877E-01,0.000000E+00,0.000000E+00,0.000000E+00,0.000000E+00,0.000000E+00,0.000000E+00,0.000000E+00,0.000000E+00,2.099123E+01,4.350099E+01,2.399913E+01,4.716357E+01,3.365276E+03,1.604997E+03,1.137522E-01,1.401362E-01,0.000000E+00,0.000000E+00,0.000000E+00,0.000000E+00,0.000000E+00,0.000000E+00,0.000000E+00,0.000000E+00,2.098760E+01,4.313552E+01,2.399928E+01,4.630716E+01,3.344498E+03,1.003443E+03,1.130498E-01,8.761125E-02,0.000000E+00,0.000000E+00,0.000000E+00,0.000000E+00,0.000000E+00,0.000000E+00,0.000000E+00,0.000000E+00,2.098760E+01,4.309387E+01,2.399950E+01,4.637272E+01
18:00:00,1.647451E+04,1.089492E+04,5.569364E-01,9.512776E-01,0.000000E+00,0.000000E+00,0.000000E+00,0.000000E+00,0.000000E+00,0.000000E+00,0.000000E+00,0.000000E+00,2.099122E+01,4.339138E+01,2.399910E+01,4.651112E+01,3.327863E+03,2.360810E+03,1.124875E-01,2.061306E-01,0.000000E+00,0.000000E+00,0.000000E+00,0.000000E+00,0.000000E+00,0.000000E+00,0.000000E+00,0.000000E+00,2.098758E+01,4.305215E+01,2.399914E+01,4.618039E+01,3.307068E+03,1.466711E+03,1.117845E-01,1.280592E-01,0.000000E+00,0.000000E+00,0.000000E+00,0.000000E+00,0.000000E+00,0.000000E+00,0.000000E+00,0.000000E+00,2.098758E+01,4.300962E+01,2.399953E+01,4.608167E+01,1.661023E+04,2.887101E+04,5.616946E-01,2.520987E+00,0.000000E+00,0.000000E+00,0.000000E+00,0.000000E+00,0.000000E+00,0.000000E+00,0.000000E+00,0.000000E+00,2.100000E+01,5.151518E+01,2.399844E+01,4.799032E+01,1.001665E+04,9.069177E+03,3.386244E-01,7.918785E-01,0.000000E+00,0.000000E+00,0.000000E+00,0.000000E+00,0.000000E+00,0.000000E+00,0.000000E+00,0.000000E+00,2.099139E+01,4.351853E+01,2.399890E+01,4.641695E+01,9.931438E+03,4.842735E+03,3.357437E-01,4.228329E-01,0.000000E+00,0.000000E+00,0.000000E+00,0.000000E+00,0.000000E+00,0.000000E+00,0.000000E+00,0.000000E+00,2.099139E+01,4.346357E+01,2.399923E+01,4.670372E+01,1.661021E+04,5.410355E+03,5.615238E-01,4.723964E-01,0.000000E+00,0.000000E+00,0.000000E+00,0.000000E+00,0.000000E+00,0.000000E+00,0.000000E+00,0.000000E+00,2.099122E+01,4.344455E+01,2.399916E+01,4.719036E+01,3.348595E+03,1.756152E+03,1.131882E-01,1.533336E-01,0.000000E+00,0.000000E+00,0.000000E+00,0.000000E+00,0.000000E+00,0.000000E+00,0.000000E+00,0.000000E+00,2.098758E+01,4.309413E+01,2.399930E+01,4.618987E+01,3.327821E+03,9.090802E+02,1.124860E-01,7.937241E-02,0.000000E+00,0.000000E+00,0.000000E+00,0.000000E+00,0.000000E+00,0.000000E+00,0.000000E+00,0.000000E+00,2.098758E+01,4.305206E+01,2.399950E+01,4.640883E+01
19:00:00,1.636568E+04,8.576822E+03,5.532572E-01,7.488696E-01,0.000000E+00,0.000000E+00,0.000000E+00,0.000000E+00,0.000000E+00,0.000000E+00,0.000000E+00,0.000000E+00,2.099120E+01,4.333723E+01,2.399918E+01,4.664673E+01,3.312896E+03,2.119063E+03,1.119815E-01,1.850214E-01,0.000000E+00,0.000000E+00,0.000000E+00,0.000000E+00,0.000000E+00,0.000000E+00,0.000000E+00,0.000000E+00,2.098755E+01,4.301640E+01,2.399923E+01,4.618987E+01,3.292102E+03,1.175974E+03,1.112786E-01,1.026745E-01,0.000000E+00,0.000000E+00,0.000000E+00,0.000000E+00,0.000000E+00,0.000000E+00,0.000000E+00,0.000000E+00,2.098756E+01,4.297349E+01,2.399957E+01,4.615860E+01,1.632050E+04,2.809075E+04,5.518971E-01,2.452850E+00,0.000000E+00,0.000000E+00,0.000000E+00,0.000000E+00,0.000000E+00,0.000000E+00,0.000000E+00,0.000000E+00,2.100000E+01,5.151518E+01,2.399846E+01,4.802462E+01,9.950532E+03,9.598465E+03,3.363890E-01,8.380862E-01,0.000000E+00,0.000000E+00,0.000000E+00,0.000000E+00,0.000000E+00,0.000000E+00,0.000000E+00,0.000000E+00,2.099137E+01,4.346491E+01,2.399900E+01,4.630399E+01,9.865372E+03,4.423075E+03,3.335101E-01,3.861908E-01,0.000000E+00,0.000000E+00,0.000000E+00,0.000000E+00,0.000000E+00,0.000000E+00,0.000000E+00,0.000000E+00,2.099137E+01,4.340926E+01,2.399924E+01,4.676002E+01,1.650129E+04,4.998629E+03,5.578413E-01,4.364459E-01,0.000000E+00,0.000000E+00,0.000000E+00,0.000000E+00,0.000000E+00,0.000000E+00,0.000000E+00,0.000000E+00,2.099120E+01,4.339104E+01,2.399919E+01,4.724510E+01,3.333626E+03,1.804904E+03,1.126822E-01,1.575893E-01,0.000000E+00,0.000000E+00,0.000000E+00,0.000000E+00,0.000000E+00,0.000000E+00,0.000000E+00,0.000000E+00,2.098755E+01,4.305876E+01,2.399936E+01,4.612206E+01,3.312853E+03,7.998051E+02,1.119800E-01,6.983143E-02,0.000000E+00,0.000000E+00,0.000000E+00,0.000000E+00,0.000000E+00,0.000000E+00,0.000000E+00,0.000000E+00,2.098755E+01,4.301631E+01,2.399952E+01,4.646019E+01
20:00:00,1.626705E+04,7.390569E+03,5.499226E-01,6.452911E-01,0.000000E+00,0.000000E+00,0.000000E+00,0.000000E+00,0.000000E+00,0.000000E+00,0.000000E+00,0.000000E+00,2.099119E+01,4.328830E+01,2.399923E+01,4.685344E+01,3.299436E+03,1.803887E+03,1.115264E-01,1.575016E-01,0.000000E+00,0.000000E+00,0.000000E+00,0.000000E+00,0.000000E+00,0.000000E+00,0.000000E+00,0.000000E+00,2.098754E+01,4.298448E+01,2.399929E+01,4.624201E+01,3.278642E+03,9.865483E+02,1.108236E-01,8.613551E-02,0.000000E+00,0.000000E+00,0.000000E+00,0.000000E+00,0.000000E+00,0.000000E+00,0.000000E+00,0.000000E+00,2.098754E+01,4.294123E+01,2.399959E+01,4.626556E+01,1.605380E+04,2.735504E+04,5.428783E-01,2.388606E+00,0.000000E+00,0.000000E+00,0.000000E+00,0.000000E+00,0.000000E+00,0.000000E+00,0.000000E+00,0.000000E+00,2.100000E+01,5.151518E+01,2.399847E+01,4.807465E+01,9.890643E+03,9.623503E+03,3.343642E-01,8.402651E-01,0.000000E+00,0.000000E+00,0.000000E+00,0.000000E+00,0.000000E+00,0.000000E+00,0.000000E+00,0.000000E+00,2.099135E+01,4.341663E+01,2.399909E+01,4.625123E+01,9.805529E+03,4.003970E+03,3.314868E-01,3.495970E-01,0.000000E+00,0.000000E+00,0.000000E+00,0.000000E+00,0.000000E+00,0.000000E+00,0.000000E+00,0.000000E+00,2.099136E+01,4.336031E+01,2.399926E+01,4.683781E+01,1.640258E+04,5.400980E+03,5.545040E-01,4.715753E-01,0.000000E+00,0.000000E+00,0.000000E+00,0.000000E+00,0.000000E+00,0.000000E+00,0.000000E+00,0.000000E+00,2.099118E+01,4.334275E+01,2.399921E+01,4.732684E+01,3.320166E+03,1.880875E+03,1.122271E-01,1.642216E-01,0.000000E+00,0.000000E+00,0.000000E+00,0.000000E+00,0.000000E+00,0.000000E+00,0.000000E+00,0.000000E+00,2.098754E+01,4.302716E+01,2.399943E+01,4.609816E+01,3.299394E+03,7.933411E+02,1.115250E-01,6.926691E-02,0.000000E+00,0.000000E+00,0.000000E+00,0.000000E+00,0.000000E+00,0.000000E+00,0.000000E+00,0.000000E+00,2.098754E+01,4.298439E+01,2.399954E+01,4.653388E+01
21:00:00,1.617744E+04,6.499230E+03,5.468930E-01,5.674672E-01,0.000000E+00,0.000000E+00,0.000000E+00,0.000000E+00,0.000000E+00,0.000000E+00,0.000000E+00,0.000000E+00,2.099117E+01,4.324438E+01,2.399921E+01,4.706665E+01,3.287305E+03,1.150841E+03,1.111163E-01,1.004822E-01,0.000000E+00,0.000000E+00,0.000000E+00,0.000000E+00,0.000000E+00,0.000000E+00,0.000000E+00,0.000000E+00,2.098752E+01,4.295531E+01,2.399933E+01,4.633105E+01,3.266510E+03,8.360284E+02,1.104134E-01,7.299370E-02,0.000000E+00,0.000000E+00,0.000000E+00,0.000000E+00,0.000000E+00,0.000000E+00,0.000000E+00,0.000000E+00,2.098752E+01,4.291177E+01,2.399958E+01,4.637718E+01,1.580769E+04,2.654183E+04,5.345558E-01,2.317598E+00,0.000000E+00,0.000000E+00,0.000000E+00,0.000000E+00,0.000000E+00,0.000000E+00,0.000000E+00,0.000000E+00,2.100000E+01,5.151519E+01,2.399847E+01,4.813448E+01,9.836268E+03,8.485485E+03,3.325257E-01,7.408952E-01,0.000000E+00,0.000000E+00,0.000000E+00,0.000000E+00,0.000000E+00,0.000000E+00,0.000000E+00,0.000000E+00,2.099134E+01,4.337336E+01,2.399917E+01,4.623883E+01,9.751191E+03,3.627691E+03,3.296497E-01,3.167429E-01,0.000000E+00,0.000000E+00,0.000000E+00,0.000000E+00,0.000000E+00,0.000000E+00,0.000000E+00,0.000000E+00,2.099134E+01,4.331643E+01,2.399926E+01,4.693535E+01,1.631290E+04,5.901256E+03,5.514721E-01,5.152599E-01,0.000000E+00,0.000000E+00,0.000000E+00,0.000000E+00,0.000000E+00,0.000000E+00,0.000000E+00,0.000000E+00,2.099117E+01,4.329941E+01,2.399913E+01,4.735046E+01,3.308035E+03,1.760963E+03,1.118170E-01,1.537516E-01,0.000000E+00,0.000000E+00,0.000000E+00,0.000000E+00,0.000000E+00,0.000000E+00,0.000000E+00,0.000000E+00,2.098752E+01,4.299829E+01,2.399945E+01,4.608418E+01,3.287262E+03,8.126794E+02,1.111149E-01,7.095558E-02,0.000000E+00,0.000000E+00,0.000000E+00,0.000000E+00,0.000000E+00,0.000000E+00,0.000000E+00,0.000000E+00,2.098752E+01,4.295522E+01,2.399950E+01,4.658293E+01
22:00:00,1.609805E+04,5.803254E+03,5.442087E-01,5.067011E-01,0.000000E+00,0.000000E+00,0.000000E+00,0.000000E+00,0.000000E+00,0.000000E+00,0.000000E+00,0.000000E+00,2.099115E+01,4.320446E+01,2.399917E+01,4.725837E+01,3.276673E+03,7.621962E+02,1.107569E-01,6.654798E-02,0.000000E+00,0.000000E+00,0.000000E+00,0.000000E+00,0.000000E+00,0.000000E+00,0.000000E+00,0.000000E+00,2.098751E+01,4.292869E+01,2.399948E+01,4.656232E+01,3.255877E+03,6.894554E+02,1.100540E-01,6.019641E-02,0.000000E+00,0.000000E+00,0.000000E+00,0.000000E+00,0.000000E+00,0.000000E+00,0.000000E+00,0.000000E+00,2.098751E+01,4.288487E+01,2.399958E+01,4.648622E+01,1.558609E+04,2.528719E+04,5.270623E-01,2.208044E+00,0.000000E+00,0.000000E+00,0.000000E+00,0.000000E+00,0.000000E+00,0.000000E+00,0.000000E+00,0.000000E+00,2.100000E+01,5.151519E+01,2.399847E+01,4.820181E+01,9.788165E+03,5.825734E+03,3.308994E-01,5.086590E-01,0.000000E+00,0.000000E+00,0.000000E+00,0.000000E+00,0.000000E+00,0.000000E+00,0.000000E+00,0.000000E+00,2.099132E+01,4.333403E+01,2.399928E+01,4.628471E+01,9.703118E+03,3.250042E+03,3.280244E-01,2.837691E-01,0.000000E+00,0.000000E+00,0.000000E+00,0.000000E+00,0.000000E+00,0.000000E+00,0.000000E+00,0.000000E+00,2.099133E+01,4.327655E+01,2.399928E+01,4.704528E+01,1.623345E+04,4.861420E+03,5.487860E-01,4.244712E-01,0.000000E+00,0.000000E+00,0.000000E+00,0.000000E+00,0.000000E+00,0.000000E+00,0.000000E+00,0.000000E+00,2.099115E+01,4.326001E+01,2.399904E+01,4.729260E+01,3.297405E+03,1.143621E+03,1.114577E-01,9.985041E-02,0.000000E+00,0.000000E+00,0.000000E+00,0.000000E+00,0.000000E+00,0.000000E+00,0.000000E+00,0.000000E+00,2.098751E+01,4.297193E+01,2.399949E+01,4.609568E+01,3.276630E+03,6.329784E+02,1.107554E-01,5.526594E-02,0.000000E+00,0.000000E+00,0.000000E+00,0.000000E+00,0.000000E+00,0.000000E+00,0.000000E+00,0.000000E+00,2.098751E+01,4.292860E+01,2.399947E+01,4.659003E+01
23:00:00,0.000000E+00,0.000000E+00,0.000000E+00,0.000000E+00,0.000000E+00,0.000000E+00,0.000000E+00,0.000000E+00,0.000000E+00,0.000000E+00,0.000000E+00,0.000000E+00,1.724810E+01,5.053508E+01,2.501055E+01,4.462118E+01,3.128358E+02,0.000000E+00,8.923732E-03,0.000000E+00,0.000000E+00,0.000000E+00,0.000000E+00,0.000000E+00,0.000000E+00,0.000000E+00,0.000000E+00,0.000000E+00,1.638160E+01,5.022683E+01,2.481048E+01,4.465921E+01,2.982975E+02,0.000000E+00,8.508676E-03,0.000000E+00,0.000000E+00,0.000000E+00,0.000000E+00,0.000000E+00,0.000000E+00,0.000000E+00,0.000000E+00,0.000000E+00,1.638617E+01,5.012609E+01,2.486459E+01,4.404473E+01,0.000000E+00,0.000000E+00,0.000000E+00,0.000000E+00,0.000000E+00,0.000000E+00,0.000000E+00,0.000000E+00,0.000000E+00,0.000000E+00,0.000000E+00,0.000000E+00,1.996512E+01,5.491263E+01,2.516794E+01,4.505147E+01,0.000000E+00,0.000000E+00,0.000000E+00,0.000000E+00,0.000000E+00,0.000000E+00,0.000000E+00,0.000000E+00,0.000000E+00,0.000000E+00,0.000000E+00,0.000000E+00,1.726283E+01,5.063790E+01,2.537761E+01,4.269537E+01,0.000000E+00,0.000000E+00,0.000000E+00,0.000000E+00,0.000000E+00,0.000000E+00,0.000000E+00,0.000000E+00,0.000000E+00,0.000000E+00,0.000000E+00,0.000000E+00,1.728993E+01,5.048440E+01,2.499134E+01,4.432040E+01,0.000000E+00,0.000000E+00,0.000000E+00,0.000000E+00,0.000000E+00,0.000000E+00,0.000000E+00,0.000000E+00,0.000000E+00,0.000000E+00,0.000000E+00,0.000000E+00,1.722176E+01,5.068416E+01,2.475450E+01,4.509521E+01,3.273518E+02,0.000000E+00,9.337941E-03,0.000000E+00,0.000000E+00,0.000000E+00,0.000000E+00,0.000000E+00,0.000000E+00,0.000000E+00,0.000000E+00,0.000000E+00,1.637703E+01,5.032653E+01,2.499015E+01,4.339631E+01,3.128128E+02,0.000000E+00,8.923076E-03,0.000000E+00,0.000000E+00,0.000000E+00,0.000000E+00,0.000000E+00,0.000000E+00,0.000000E+00,0.000000E+00,0.000000E+00,1.638160E+01,5.022665E+01,2.464642E+01,4.467338E+01
24:00:00,2.689151E+03,0.000000E+00,7.705153E-02,0.000000E+00,0.000000E+00,0.000000E+00,0.000000E+00,0.000000E+00,0.000000E+00,0.000000E+00,0.000000E+00,0.000000E+00,1.603362E+01,5.214290E+01,2.570655E+01,4.278279E+01,1.216938E+03,0.000000E+00,3.474373E-02,0.000000E+00,0.000000E+00,0.000000E+00,0.000000E+00,0.000000E+00,0.000000E+00,0.000000E+00,0.000000E+00,0.000000E+00,1.569074E+01,5.035518E+01,2.514108E+01,4.379083E+01,1.200118E+03,0.000000E+00,3.426328E-02,0.000000E+00,0.000000E+00,0.000000E+00,0.000000E+00,0.000000E+00,0.000000E+00,0.000000E+00,0.000000E+00,0.000000E+00,1.569166E+01,5.024066E+01,2.511244E+01,4.320360E+01,0.000000E+00,2.256488E+02,0.000000E+00,1.611891E-02,0.000000E+00,0.000000E+00,0.000000E+00,0.000000E+00,0.000000E+00,0.000000E+00,0.000000E+00,0.000000E+00,1.953526E+01,5.639735E+01,2.595328E+01,4.303671E+01,1.575433E+03,0.000000E+00,4.513997E-02,0.000000E+00,0.000000E+00,0.000000E+00,0.000000E+00,0.000000E+00,0.000000E+00,0.000000E+00,0.000000E+00,0.000000E+00,1.603903E+01,5.226255E+01,2.592689E+01,4.124836E+01,1.498857E+03,0.000000E+00,4.293614E-02,0.000000E+00,0.000000E+00,0.000000E+00,0.000000E+00,0.000000E+00,0.000000E+00,0.000000E+00,0.000000E+00,0.000000E+00,1.605144E+01,5.212524E+01,2.542745E+01,4.306339E+01,2.812446E+03,0.000000E+00,8.059502E-02,0.000000E+00,0.000000E+00,0.000000E+00,0.000000E+00,0.000000E+00,0.000000E+00,0.000000E+00,0.000000E+00,0.000000E+00,1.602155E+01,5.227566E+01,2.502810E+01,4.423146E+01,1.233657E+03,0.000000E+00,3.522125E-02,0.000000E+00,0.000000E+00,0.000000E+00,0.000000E+00,0.000000E+00,0.000000E+00,0.000000E+00,0.000000E+00,0.000000E+00,1.568982E+01,5.046819E+01,2.519595E+01,4.271254E+01,1.216900E+03,0.000000E+00,3.474262E-02,0.000000E+00,0.000000E+00,0.000000E+00,0.000000E+00,0.000000E+00,0.000000E+00,0.000000E+00,0.000000E+00,0.000000E+00,1.569074E+01,5.035495E+01,2.478673E+01,4.409511E+01
Peak,2.398114E+04,1.555668E+04,7.999349E-01,1.358345E+00,0.000000E+00,0.000000E+00,0.000000E+00,0.000000E+00,0.000000E+00,0.000000E+00,0.000000E+00,0.000000E+00,,,,,4.667246E+03,2.465678E+03,1.558171E-01,2.152881E-01,0.000000E+00,0.000000E+00,0.000000E+00,0.000000E+00,0.000000E+00,0.000000E+00,0.000000E+00,0.000000E+00,,,,,4.646385E+03,2.389852E+03,1.551204E-01,2.086603E-01,0.000000E+00,0.000000E+00,0.000000E+00,0.000000E+00,0.000000E+00,0.000000E+00,0.000000E+00,0.000000E+00,,,,,3.441011E+04,3.454138E+04,1.142188E+00,2.888057E+00,0.000000E+00,0.000000E+00,0.000000E+00,0.000000E+00,0.000000E+00,0.000000E+00,0.000000E+00,0.000000E+00,,,,,1.471417E+04,9.623503E+03,4.908547E-01,8.402651E-01,0.000000E+00,0.000000E+00,0.000000E+00,0.000000E+00,0.000000E+00,0.000000E+00,0.000000E+00,0.000000E+00,,,,,1.462555E+04,9.822216E+03,4.878919E-01,8.246353E-01,0.000000E+00,0.000000E+00,0.000000E+00,0.000000E+00,0.000000E+00,0.000000E+00,0.000000E+00,0.000000E+00,,,,,2.412232E+04,6.685501E+03,8.046550E-01,5.597241E-01,0.000000E+00,0.000000E+00,0.000000E+00,0.000000E+00,0.000000E+00,0.000000E+00,0.000000E+00,0.000000E+00,,,,,4.688038E+03,1.880875E+03,1.565116E-01,1.642216E-01,0.000000E+00,0.000000E+00,0.000000E+00,0.000000E+00,0.000000E+00,0.000000E+00,0.000000E+00,0.000000E+00,,,,,4.667201E+03,1.870457E+03,1.558156E-01,1.572045E-01,0.000000E+00,0.000000E+00,0.000000E+00,0.000000E+00,0.000000E+00,0.000000E+00,0.000000E+00,0.000000E+00,,,,

Peak Vol Flow (m3/s),,,6.646213E-01,1.128573E+00,,,0.000000E+00,0.000000E+00,,,,,,,,,,,1.294598E-01,1.788709E-01,,,0.000000E+00,0.000000E+00,,,,,,,,,,,1.288809E-01,1.733642E-01,,,0.000000E+00,0.000000E+00,,,,,,,,,,,9.489805E-01,2.399526E+00,,,0.000000E+00,0.000000E+00,,,,,,,,,,,4.078238E-01,6.981295E-01,,,0.000000E+00,0.000000E+00,,,,,,,,,,,4.053622E-01,6.851435E-01,,,0.000000E+00,0.000000E+00,,,,,,,,,,,6.685430E-01,4.650436E-01,,,0.000000E+00,0.000000E+00,,,,,,,,,,,1.300367E-01,1.364426E-01,,,0.000000E+00,0.000000E+00,,,,,,,,,,,1.294585E-01,1.306125E-01,,,0.000000E+00,0.000000E+00,,,,,,,,
