Time,ZONE OFFICE WHOLEBUILDING - MD OFFICE A  - STORY GROUND:KODIAK ANN HTG 99.6% CONDNS DB:Des Heat Load [W],ZONE OFFICE WHOLEBUILDING - MD OFFICE A  - STORY GROUND:KODIAK JULY .4% CONDNS DB=>MCWB:Des Sens Cool Load [W],ZONE OFFICE WHOLEBUILDING - MD OFFICE A  - STORY GROUND:KODIAK ANN HTG 99.6% CONDNS DB:Des Heat Mass Flow [kg/s],ZONE OFFICE WHOLEBUILDING - MD OFFICE A  - STORY GROUND:KODIAK JULY .4% CONDNS DB=>MCWB:Des Cool Mass Flow [kg/s],ZONE OFFICE WHOLEBUILDING - MD OFFICE A  - STORY GROUND::Des Latent Heat Load [W],ZONE OFFICE WHOLEBUILDING - MD OFFICE A  - STORY GROUND::Des Latent Cool Load [W],ZONE OFFICE WHOLEBUILDING - MD OFFICE A  - STORY GROUND::Des Latent Heat Mass Flow [kg/s],ZONE OFFICE WHOLEBUILDING - MD OFFICE A  - STORY GROUND::Des Latent Cool Mass Flow [kg/s],ZONE OFFICE WHOLEBUILDING - MD OFFICE A  - STORY GROUND::Des Heat Load No DOAS [W],ZONE OFFICE WHOLEBUILDING - MD OFFICE A  - STORY GROUND::Des Sens Cool Load No DOAS [W],ZONE OFFICE WHOLEBUILDING - MD OFFICE A  - STORY GROUND::Des Latent Heat Load No DOAS [W],ZONE OFFICE WHOLEBUILDING - MD OFFICE A  - STORY GROUND::Des Latent Cool Load No DOAS [W],ZONE OFFICE WHOLEBUILDING - MD OFFICE A  - STORY GROUND:KODIAK ANN HTG 99.6% CONDNS DB:Heating Zone Temperature [C],ZONE OFFICE WHOLEBUILDING - MD OFFICE A  - STORY GROUND:KODIAK ANN HTG 99.6% CONDNS DB:Heating Zone Relative Humidity [%],ZONE OFFICE WHOLEBUILDING - MD OFFICE A  - STORY GROUND:KODIAK JULY .4% CONDNS DB=>MCWB:Cooling Zone Temperature [C],ZONE OFFICE WHOLEBUILDING - MD OFFICE A  - STORY GROUND:KODIAK JULY .4% CONDNS DB=>MCWB:Cooling Zone Relative Humidity [%],ZONE OFFICE WHOLEBUILDING - MD OFFICE A END_A - STORY GROUND:KODIAK ANN HTG 99.6% CONDNS DB:Des Heat Load [W],ZONE OFFICE WHOLEBUILDING - MD OFFICE A END_A - STORY GROUND:KODIAK JULY .4% CONDNS DB=>MCWB:Des Sens Cool Load [W],ZONE OFFICE WHOLEBUILDING - MD OFFICE A END_A - STORY GROUND:KODIAK ANN HTG 99.6% CONDNS DB:Des Heat Mass Flow [kg/s],ZONE OFFICE WHOLEBUILDING - MD OFFICE A END_A - STORY GROUND:KODIAK JULY .4% CONDNS DB=>MCWB:Des Cool Mass Flow [kg/s],ZONE OFFICE WHOLEBUILDING - MD OFFICE A END_A - STORY GROUND::Des Latent Heat Load [W],ZONE OFFICE WHOLEBUILDING - MD OFFICE A END_A - STORY GROUND::Des Latent Cool Load [W],ZONE OFFICE WHOLEBUILDING - MD OFFICE A END_A - STORY GROUND::Des Latent Heat Mass Flow [kg/s],ZONE OFFICE WHOLEBUILDING - MD OFFICE A END_A - STORY GROUND::Des Latent Cool Mass Flow [kg/s],ZONE OFFICE WHOLEBUILDING - MD OFFICE A END_A - STORY GROUND::Des Heat Load No DOAS [W],ZONE OFFICE WHOLEBUILDING - MD OFFICE A END_A - STORY GROUND::Des Sens Cool Load No DOAS [W],ZONE OFFICE WHOLEBUILDING - MD OFFICE A END_A - STORY GROUND::Des Latent Heat Load No DOAS [W],ZONE OFFICE WHOLEBUILDING - MD OFFICE A END_A - STORY GROUND::Des Latent Cool Load No DOAS [W],ZONE OFFICE WHOLEBUILDING - MD OFFICE A END_A - STORY GROUND:KODIAK ANN HTG 99.6% CONDNS DB:Heating Zone Temperature [C],ZONE OFFICE WHOLEBUILDING - MD OFFICE A END_A - STORY GROUND:KODIAK ANN HTG 99.6% CONDNS DB:Heating Zone Relative Humidity [%],ZONE OFFICE WHOLEBUILDING - MD OFFICE A END_A - STORY GROUND:KODIAK JULY .4% CONDNS DB=>MCWB:Cooling Zone Temperature [C],ZONE OFFICE WHOLEBUILDING - MD OFFICE A END_A - STORY GROUND:KODIAK JULY .4% CONDNS DB=>MCWB:Cooling Zone Relative Humidity [%],ZONE OFFICE WHOLEBUILDING - MD OFFICE A END_B - STORY GROUND:KODIAK ANN HTG 99.6% CONDNS DB:Des Heat Load [W],ZONE OFFICE WHOLEBUILDING - MD OFFICE A END_B - STORY GROUND:KODIAK JULY .4% CONDNS DB=>MCWB:Des Sens Cool Load [W],ZONE OFFICE WHOLEBUILDING - MD OFFICE A END_B - STORY GROUND:KODIAK ANN HTG 99.6% CONDNS DB:Des Heat Mass Flow [kg/s],ZONE OFFICE WHOLEBUILDING - MD OFFICE A END_B - STORY GROUND:KODIAK JULY .4% CONDNS DB=>MCWB:Des Cool Mass Flow [kg/s],ZONE OFFICE WHOLEBUILDING - MD OFFICE A END_B - STORY GROUND::Des Latent Heat Load [W],ZONE OFFICE WHOLEBUILDING - MD OFFICE A END_B - STORY GROUND::Des Latent Cool Load [W],ZONE OFFICE WHOLEBUILDING - MD OFFICE A END_B - STORY GROUND::Des Latent Heat Mass Flow [kg/s],ZONE OFFICE WHOLEBUILDING - MD OFFICE A END_B - STORY GROUND::Des Latent Cool Mass Flow [kg/s],ZONE OFFICE WHOLEBUILDING - MD OFFICE A END_B - STORY GROUND::Des Heat Load No DOAS [W],ZONE OFFICE WHOLEBUILDING - MD OFFICE A END_B - STORY GROUND::Des Sens Cool Load No DOAS [W],ZONE OFFICE WHOLEBUILDING - MD OFFICE A END_B - STORY GROUND::Des Latent Heat Load No DOAS [W],ZONE OFFICE WHOLEBUILDING - MD OFFICE A END_B - STORY GROUND::Des Latent Cool Load No DOAS [W],ZONE OFFICE WHOLEBUILDING - MD OFFICE A END_B - STORY GROUND:KODIAK ANN HTG 99.6% CONDNS DB:Heating Zone Temperature [C],ZONE OFFICE WHOLEBUILDING - MD OFFICE A END_B - STORY GROUND:KODIAK ANN HTG 99.6% CONDNS DB:Heating Zone Relative Humidity [%],ZONE OFFICE WHOLEBUILDING - MD OFFICE A END_B - STORY GROUND:KODIAK JULY .4% CONDNS DB=>MCWB:Cooling Zone Temperature [C],ZONE OFFICE WHOLEBUILDING - MD OFFICE A END_B - STORY GROUND:KODIAK JULY .4% CONDNS DB=>MCWB:Cooling Zone Relative Humidity [%],ZONE OFFICE WHOLEBUILDING - MD OFFICE B  - STORY GROUND:KODIAK ANN HTG 99.6% CONDNS DB:Des Heat Load [W],ZONE OFFICE WHOLEBUILDING - MD OFFICE B  - STORY GROUND:KODIAK JULY .4% CONDNS DB=>MCWB:Des Sens Cool Load [W],ZONE OFFICE WHOLEBUILDING - MD OFFICE B  - STORY GROUND:KODIAK ANN HTG 99.6% CONDNS DB:Des Heat Mass Flow [kg/s],ZONE OFFICE WHOLEBUILDING - MD OFFICE B  - STORY GROUND:KODIAK JULY .4% CONDNS DB=>MCWB:Des Cool Mass Flow [kg/s],ZONE OFFICE WHOLEBUILDING - MD OFFICE B  - STORY GROUND::Des Latent Heat Load [W],ZONE OFFICE WHOLEBUILDING - MD OFFICE B  - STORY GROUND::Des Latent Cool Load [W],ZONE OFFICE WHOLEBUILDING - MD OFFICE B  - STORY GROUND::Des Latent Heat Mass Flow [kg/s],ZONE OFFICE WHOLEBUILDING - MD OFFICE B  - STORY GROUND::Des Latent Cool Mass Flow [kg/s],ZONE OFFICE WHOLEBUILDING - MD OFFICE B  - STORY GROUND::Des Heat Load No DOAS [W],ZONE OFFICE WHOLEBUILDING - MD OFFICE B  - STORY GROUND::Des Sens Cool Load No DOAS [W],ZONE OFFICE WHOLEBUILDING - MD OFFICE B  - STORY GROUND::Des Latent Heat Load No DOAS [W],ZONE OFFICE WHOLEBUILDING - MD OFFICE B  - STORY GROUND::Des Latent Cool Load No DOAS [W],ZONE OFFICE WHOLEBUILDING - MD OFFICE B  - STORY GROUND:KODIAK ANN HTG 99.6% CONDNS DB:Heating Zone Temperature [C],ZONE OFFICE WHOLEBUILDING - MD OFFICE B  - STORY GROUND:KODIAK ANN HTG 99.6% CONDNS DB:Heating Zone Relative Humidity [%],ZONE OFFICE WHOLEBUILDING - MD OFFICE B  - STORY GROUND:KODIAK JULY .4% CONDNS DB=>MCWB:Cooling Zone Temperature [C],ZONE OFFICE WHOLEBUILDING - MD OFFICE B  - STORY GROUND:KODIAK JULY .4% CONDNS DB=>MCWB:Cooling Zone Relative Humidity [%],ZONE OFFICE WHOLEBUILDING - MD OFFICE B END_A - STORY GROUND:KODIAK ANN HTG 99.6% CONDNS DB:Des Heat Load [W],ZONE OFFICE WHOLEBUILDING - MD OFFICE B END_A - STORY GROUND:KODIAK JULY .4% CONDNS DB=>MCWB:Des Sens Cool Load [W],ZONE OFFICE WHOLEBUILDING - MD OFFICE B END_A - STORY GROUND:KODIAK ANN HTG 99.6% CONDNS DB:Des Heat Mass Flow [kg/s],ZONE OFFICE WHOLEBUILDING - MD OFFICE B END_A - STORY GROUND:KODIAK JULY .4% CONDNS DB=>MCWB:Des Cool Mass Flow [kg/s],ZONE OFFICE WHOLEBUILDING - MD OFFICE B END_A - STORY GROUND::Des Latent Heat Load [W],ZONE OFFICE WHOLEBUILDING - MD OFFICE B END_A - STORY GROUND::Des Latent Cool Load [W],ZONE OFFICE WHOLEBUILDING - MD OFFICE B END_A - STORY GROUND::Des Latent Heat Mass Flow [kg/s],ZONE OFFICE WHOLEBUILDING - MD OFFICE B END_A - STORY GROUND::Des Latent Cool Mass Flow [kg/s],ZONE OFFICE WHOLEBUILDING - MD OFFICE B END_A - STORY GROUND::Des Heat Load No DOAS [W],ZONE OFFICE WHOLEBUILDING - MD OFFICE B END_A - STORY GROUND::Des Sens Cool Load No DOAS [W],ZONE OFFICE WHOLEBUILDING - MD OFFICE B END_A - STORY GROUND::Des Latent Heat Load No DOAS [W],ZONE OFFICE WHOLEBUILDING - MD OFFICE B END_A - STORY GROUND::Des Latent Cool Load No DOAS [W],ZONE OFFICE WHOLEBUILDING - MD OFFICE B END_A - STORY GROUND:KODIAK ANN HTG 99.6% CONDNS DB:Heating Zone Temperature [C],ZONE OFFICE WHOLEBUILDING - MD OFFICE B END_A - STORY GROUND:KODIAK ANN HTG 99.6% CONDNS DB:Heating Zone Relative Humidity [%],ZONE OFFICE WHOLEBUILDING - MD OFFICE B END_A - STORY GROUND:KODIAK JULY .4% CONDNS DB=>MCWB:Cooling Zone Temperature [C],ZONE OFFICE WHOLEBUILDING - MD OFFICE B END_A - STORY GROUND:KODIAK JULY .4% CONDNS DB=>MCWB:Cooling Zone Relative Humidity [%],ZONE OFFICE WHOLEBUILDING - MD OFFICE B END_B - STORY GROUND:KODIAK ANN HTG 99.6% CONDNS DB:Des Heat Load [W],ZONE OFFICE WHOLEBUILDING - MD OFFICE B END_B - STORY GROUND:KODIAK JULY .4% CONDNS DB=>MCWB:Des Sens Cool Load [W],ZONE OFFICE WHOLEBUILDING - MD OFFICE B END_B - STORY GROUND:KODIAK ANN HTG 99.6% CONDNS DB:Des Heat Mass Flow [kg/s],ZONE OFFICE WHOLEBUILDING - MD OFFICE B END_B - STORY GROUND:KODIAK JULY .4% CONDNS DB=>MCWB:Des Cool Mass Flow [kg/s],ZONE OFFICE WHOLEBUILDING - MD OFFICE B END_B - STORY GROUND::Des Latent Heat Load [W],ZONE OFFICE WHOLEBUILDING - MD OFFICE B END_B - STORY GROUND::Des Latent Cool Load [W],ZONE OFFICE WHOLEBUILDING - MD OFFICE B END_B - STORY GROUND::Des Latent Heat Mass Flow [kg/s],ZONE OFFICE WHOLEBUILDING - MD OFFICE B END_B - STORY GROUND::Des Latent Cool Mass Flow [kg/s],ZONE OFFICE WHOLEBUILDING - MD OFFICE B END_B - STORY GROUND::Des Heat Load No DOAS [W],ZONE OFFICE WHOLEBUILDING - MD OFFICE B END_B - STORY GROUND::Des Sens Cool Load No DOAS [W],ZONE OFFICE WHOLEBUILDING - MD OFFICE B END_B - STORY GROUND::Des Latent Heat Load No DOAS [W],ZONE OFFICE WHOLEBUILDING - MD OFFICE B END_B - STORY GROUND::Des Latent Cool Load No DOAS [W],ZONE OFFICE WHOLEBUILDING - MD OFFICE B END_B - STORY GROUND:KODIAK ANN HTG 99.6% CONDNS DB:Heating Zone Temperature [C],ZONE OFFICE WHOLEBUILDING - MD OFFICE B END_B - STORY GROUND:KODIAK ANN HTG 99.6% CONDNS DB:Heating Zone Relative Humidity [%],ZONE OFFICE WHOLEBUILDING - MD OFFICE B END_B - STORY GROUND:KODIAK JULY .4% CONDNS DB=>MCWB:Cooling Zone Temperature [C],ZONE OFFICE WHOLEBUILDING - MD OFFICE B END_B - STORY GROUND:KODIAK JULY .4% CONDNS DB=>MCWB:Cooling Zone Relative Humidity [%],ZONE OFFICE WHOLEBUILDING - MD OFFICE C  - STORY GROUND:KODIAK ANN HTG 99.6% CONDNS DB:Des Heat Load [W],ZONE OFFICE WHOLEBUILDING - MD OFFICE C  - STORY GROUND:KODIAK JULY .4% CONDNS DB=>MCWB:Des Sens Cool Load [W],ZONE OFFICE WHOLEBUILDING - MD OFFICE C  - STORY GROUND:KODIAK ANN HTG 99.6% CONDNS DB:Des Heat Mass Flow [kg/s],ZONE OFFICE WHOLEBUILDING - MD OFFICE C  - STORY GROUND:KODIAK JULY .4% CONDNS DB=>MCWB:Des Cool Mass Flow [kg/s],ZONE OFFICE WHOLEBUILDING - MD OFFICE C  - STORY GROUND::Des Latent Heat Load [W],ZONE OFFICE WHOLEBUILDING - MD OFFICE C  - STORY GROUND::Des Latent Cool Load [W],ZONE OFFICE WHOLEBUILDING - MD OFFICE C  - STORY GROUND::Des Latent Heat Mass Flow [kg/s],ZONE OFFICE WHOLEBUILDING - MD OFFICE C  - STORY GROUND::Des Latent Cool Mass Flow [kg/s],ZONE OFFICE WHOLEBUILDING - MD OFFICE C  - STORY GROUND::Des Heat Load No DOAS [W],ZONE OFFICE WHOLEBUILDING - MD OFFICE C  - STORY GROUND::Des Sens Cool Load No DOAS [W],ZONE OFFICE WHOLEBUILDING - MD OFFICE C  - STORY GROUND::Des Latent Heat Load No DOAS [W],ZONE OFFICE WHOLEBUILDING - MD OFFICE C  - STORY GROUND::Des Latent Cool Load No DOAS [W],ZONE OFFICE WHOLEBUILDING - MD OFFICE C  - STORY GROUND:KODIAK ANN HTG 99.6% CONDNS DB:Heating Zone Temperature [C],ZONE OFFICE WHOLEBUILDING - MD OFFICE C  - STORY GROUND:KODIAK ANN HTG 99.6% CONDNS DB:Heating Zone Relative Humidity [%],ZONE OFFICE WHOLEBUILDING - MD OFFICE C  - STORY GROUND:KODIAK JULY .4% CONDNS DB=>MCWB:Cooling Zone Temperature [C],ZONE OFFICE WHOLEBUILDING - MD OFFICE C  - STORY GROUND:KODIAK JULY .4% CONDNS DB=>MCWB:Cooling Zone Relative Humidity [%],ZONE OFFICE WHOLEBUILDING - MD OFFICE C END_A - STORY GROUND:KODIAK ANN HTG 99.6% CONDNS DB:Des Heat Load [W],ZONE OFFICE WHOLEBUILDING - MD OFFICE C END_A - STORY GROUND:KODIAK JULY .4% CONDNS DB=>MCWB:Des Sens Cool Load [W],ZONE OFFICE WHOLEBUILDING - MD OFFICE C END_A - STORY GROUND:KODIAK ANN HTG 99.6% CONDNS DB:Des Heat Mass Flow [kg/s],ZONE OFFICE WHOLEBUILDING - MD OFFICE C END_A - STORY GROUND:KODIAK JULY .4% CONDNS DB=>MCWB:Des Cool Mass Flow [kg/s],ZONE OFFICE WHOLEBUILDING - MD OFFICE C END_A - STORY GROUND::Des Latent Heat Load [W],ZONE OFFICE WHOLEBUILDING - MD OFFICE C END_A - STORY GROUND::Des Latent Cool Load [W],ZONE OFFICE WHOLEBUILDING - MD OFFICE C END_A - STORY GROUND::Des Latent Heat Mass Flow [kg/s],ZONE OFFICE WHOLEBUILDING - MD OFFICE C END_A - STORY GROUND::Des Latent Cool Mass Flow [kg/s],ZONE OFFICE WHOLEBUILDING - MD OFFICE C END_A - STORY GROUND::Des Heat Load No DOAS [W],ZONE OFFICE WHOLEBUILDING - MD OFFICE C END_A - STORY GROUND::Des Sens Cool Load No DOAS [W],ZONE OFFICE WHOLEBUILDING - MD OFFICE C END_A - STORY GROUND::Des Latent Heat Load No DOAS [W],ZONE OFFICE WHOLEBUILDING - MD OFFICE C END_A - STORY GROUND::Des Latent Cool Load No DOAS [W],ZONE OFFICE WHOLEBUILDING - MD OFFICE C END_A - STORY GROUND:KODIAK ANN HTG 99.6% CONDNS DB:Heating Zone Temperature [C],ZONE OFFICE WHOLEBUILDING - MD OFFICE C END_A - STORY GROUND:KODIAK ANN HTG 99.6% CONDNS DB:Heating Zone Relative Humidity [%],ZONE OFFICE WHOLEBUILDING - MD OFFICE C END_A - STORY GROUND:KODIAK JULY .4% CONDNS DB=>MCWB:Cooling Zone Temperature [C],ZONE OFFICE WHOLEBUILDING - MD OFFICE C END_A - STORY GROUND:KODIAK JULY .4% CONDNS DB=>MCWB:Cooling Zone Relative Humidity [%],ZONE OFFICE WHOLEBUILDING - MD OFFICE C END_B - STORY GROUND:KODIAK ANN HTG 99.6% CONDNS DB:Des Heat Load [W],ZONE OFFICE WHOLEBUILDING - MD OFFICE C END_B - STORY GROUND:KODIAK JULY .4% CONDNS DB=>MCWB:Des Sens Cool Load [W],ZONE OFFICE WHOLEBUILDING - MD OFFICE C END_B - STORY GROUND:KODIAK ANN HTG 99.6% CONDNS DB:Des Heat Mass Flow [kg/s],ZONE OFFICE WHOLEBUILDING - MD OFFICE C END_B - STORY GROUND:KODIAK JULY .4% CONDNS DB=>MCWB:Des Cool Mass Flow [kg/s],ZONE OFFICE WHOLEBUILDING - MD OFFICE C END_B - STORY GROUND::Des Latent Heat Load [W],ZONE OFFICE WHOLEBUILDING - MD OFFICE C END_B - STORY GROUND::Des Latent Cool Load [W],ZONE OFFICE WHOLEBUILDING - MD OFFICE C END_B - STORY GROUND::Des Latent Heat Mass Flow [kg/s],ZONE OFFICE WHOLEBUILDING - MD OFFICE C END_B - STORY GROUND::Des Latent Cool Mass Flow [kg/s],ZONE OFFICE WHOLEBUILDING - MD OFFICE C END_B - STORY GROUND::Des Heat Load No DOAS [W],ZONE OFFICE WHOLEBUILDING - MD OFFICE C END_B - STORY GROUND::Des Sens Cool Load No DOAS [W],ZONE OFFICE WHOLEBUILDING - MD OFFICE C END_B - STORY GROUND::Des Latent Heat Load No DOAS [W],ZONE OFFICE WHOLEBUILDING - MD OFFICE C END_B - STORY GROUND::Des Latent Cool Load No DOAS [W],ZONE OFFICE WHOLEBUILDING - MD OFFICE C END_B - STORY GROUND:KODIAK ANN HTG 99.6% CONDNS DB:Heating Zone Temperature [C],ZONE OFFICE WHOLEBUILDING - MD OFFICE C END_B - STORY GROUND:KODIAK ANN HTG 99.6% CONDNS DB:Heating Zone Relative Humidity [%],ZONE OFFICE WHOLEBUILDING - MD OFFICE C END_B - STORY GROUND:KODIAK JULY .4% CONDNS DB=>MCWB:Cooling Zone Temperature [C],ZONE OFFICE WHOLEBUILDING - MD OFFICE C END_B - STORY GROUND:KODIAK JULY .4% CONDNS DB=>MCWB:Cooling Zone Relative Humidity [%]
01:00:00,1.457685E+04,0.000000E+00,4.925155E-01,0.000000E+00,0.000000E+00,0.000000E+00,0.000000E+00,0.000000E+00,0.000000E+00,0.000000E+00,0.000000E+00,0.000000E+00,2.097538E+01,3.521159E+01,2.591499E+01,4.092898E+01,3.605393E+03,0.000000E+00,1.217754E-01,0.000000E+00,0.000000E+00,0.000000E+00,0.000000E+00,0.000000E+00,0.000000E+00,0.000000E+00,0.000000E+00,0.000000E+00,2.096542E+01,3.488806E+01,2.521015E+01,4.393168E+01,3.603844E+03,0.000000E+00,1.217231E-01,0.000000E+00,0.000000E+00,0.000000E+00,0.000000E+00,0.000000E+00,0.000000E+00,0.000000E+00,0.000000E+00,0.000000E+00,2.096542E+01,3.488363E+01,2.508721E+01,4.437711E+01,6.440429E+03,4.742226E+03,2.177908E-01,3.345014E-01,0.000000E+00,0.000000E+00,0.000000E+00,0.000000E+00,0.000000E+00,0.000000E+00,0.000000E+00,0.000000E+00,2.100000E+01,5.151518E+01,2.665504E+01,3.964176E+01,8.515470E+03,0.000000E+00,2.877210E-01,0.000000E+00,0.000000E+00,0.000000E+00,0.000000E+00,0.000000E+00,0.000000E+00,0.000000E+00,0.000000E+00,0.000000E+00,2.097584E+01,3.525892E+01,2.602527E+01,4.116601E+01,8.510154E+03,0.000000E+00,2.875415E-01,0.000000E+00,0.000000E+00,0.000000E+00,0.000000E+00,0.000000E+00,0.000000E+00,0.000000E+00,0.000000E+00,0.000000E+00,2.097584E+01,3.525254E+01,2.588701E+01,4.164328E+01,1.458548E+04,0.000000E+00,4.928068E-01,0.000000E+00,0.000000E+00,0.000000E+00,0.000000E+00,0.000000E+00,0.000000E+00,0.000000E+00,0.000000E+00,0.000000E+00,2.097538E+01,3.521764E+01,2.560045E+01,4.176588E+01,3.606939E+03,0.000000E+00,1.218276E-01,0.000000E+00,0.000000E+00,0.000000E+00,0.000000E+00,0.000000E+00,0.000000E+00,0.000000E+00,0.000000E+00,0.000000E+00,2.096541E+01,3.489249E+01,2.496905E+01,4.463568E+01,3.605391E+03,0.000000E+00,1.217753E-01,0.000000E+00,0.000000E+00,0.000000E+00,0.000000E+00,0.000000E+00,0.000000E+00,0.000000E+00,0.000000E+00,0.000000E+00,2.096542E+01,3.488806E+01,2.484723E+01,4.507949E+01
02:00:00,1.457708E+04,0.000000E+00,4.925232E-01,0.000000E+00,0.000000E+00,0.000000E+00,0.000000E+00,0.000000E+00,0.000000E+00,0.000000E+00,0.000000E+00,0.000000E+00,2.097538E+01,3.521176E+01,2.618714E+01,3.983344E+01,3.605411E+03,0.000000E+00,1.217760E-01,0.000000E+00,0.000000E+00,0.000000E+00,0.000000E+00,0.000000E+00,0.000000E+00,0.000000E+00,0.000000E+00,0.000000E+00,2.096542E+01,3.488812E+01,2.522825E+01,4.246010E+01,3.603863E+03,0.000000E+00,1.217238E-01,0.000000E+00,0.000000E+00,0.000000E+00,0.000000E+00,0.000000E+00,0.000000E+00,0.000000E+00,0.000000E+00,0.000000E+00,2.096542E+01,3.488369E+01,2.508725E+01,4.287734E+01,6.441841E+03,5.516719E+03,2.178385E-01,3.882479E-01,0.000000E+00,0.000000E+00,0.000000E+00,0.000000E+00,0.000000E+00,0.000000E+00,0.000000E+00,0.000000E+00,2.100000E+01,5.151518E+01,2.669968E+01,3.944902E+01,8.515594E+03,0.000000E+00,2.877252E-01,0.000000E+00,0.000000E+00,0.000000E+00,0.000000E+00,0.000000E+00,0.000000E+00,0.000000E+00,0.000000E+00,0.000000E+00,2.097584E+01,3.525908E+01,2.629927E+01,3.989502E+01,8.510283E+03,0.000000E+00,2.875458E-01,0.000000E+00,0.000000E+00,0.000000E+00,0.000000E+00,0.000000E+00,0.000000E+00,0.000000E+00,0.000000E+00,0.000000E+00,2.097584E+01,3.525270E+01,2.613556E+01,4.037390E+01,1.458570E+04,0.000000E+00,4.928143E-01,0.000000E+00,0.000000E+00,0.000000E+00,0.000000E+00,0.000000E+00,0.000000E+00,0.000000E+00,0.000000E+00,0.000000E+00,2.097538E+01,3.521781E+01,2.581327E+01,4.076860E+01,3.606957E+03,0.000000E+00,1.218282E-01,0.000000E+00,0.000000E+00,0.000000E+00,0.000000E+00,0.000000E+00,0.000000E+00,0.000000E+00,0.000000E+00,0.000000E+00,2.096541E+01,3.489254E+01,2.494119E+01,4.322662E+01,3.605409E+03,0.000000E+00,1.217760E-01,0.000000E+00,0.000000E+00,0.000000E+00,0.000000E+00,0.000000E+00,0.000000E+00,0.000000E+00,0.000000E+00,0.000000E+00,2.096542E+01,3.488811E+01,2.480364E+01,4.364012E+01
03:00:00,1.457730E+04,0.000000E+00,4.925306E-01,0.000000E+00,0.000000E+00,0.000000E+00,0.000000E+00,0.000000E+00,0.000000E+00,0.000000E+00,0.000000E+00,0.000000E+00,2.097539E+01,3.521192E+01,2.623722E+01,3.949013E+01,3.605429E+03,0.000000E+00,1.217766E-01,0.000000E+00,0.000000E+00,0.000000E+00,0.000000E+00,0.000000E+00,0.000000E+00,0.000000E+00,0.000000E+00,0.000000E+00,2.096542E+01,3.488817E+01,2.524313E+01,4.194058E+01,3.603882E+03,0.000000E+00,1.217244E-01,0.000000E+00,0.000000E+00,0.000000E+00,0.000000E+00,0.000000E+00,0.000000E+00,0.000000E+00,0.000000E+00,0.000000E+00,2.096542E+01,3.488374E+01,2.509702E+01,4.235144E+01,6.443198E+03,5.723446E+03,2.178844E-01,4.027955E-01,0.000000E+00,0.000000E+00,0.000000E+00,0.000000E+00,0.000000E+00,0.000000E+00,0.000000E+00,0.000000E+00,2.100000E+01,5.151518E+01,2.669972E+01,3.936966E+01,8.515713E+03,0.000000E+00,2.877292E-01,0.000000E+00,0.000000E+00,0.000000E+00,0.000000E+00,0.000000E+00,0.000000E+00,0.000000E+00,0.000000E+00,0.000000E+00,2.097584E+01,3.525923E+01,2.635837E+01,3.943838E+01,8.510406E+03,0.000000E+00,2.875500E-01,0.000000E+00,0.000000E+00,0.000000E+00,0.000000E+00,0.000000E+00,0.000000E+00,0.000000E+00,0.000000E+00,0.000000E+00,2.097584E+01,3.525286E+01,2.617852E+01,3.992970E+01,1.458591E+04,0.000000E+00,4.928214E-01,0.000000E+00,0.000000E+00,0.000000E+00,0.000000E+00,0.000000E+00,0.000000E+00,0.000000E+00,0.000000E+00,0.000000E+00,2.097538E+01,3.521796E+01,2.585527E+01,4.042692E+01,3.606973E+03,0.000000E+00,1.218288E-01,0.000000E+00,0.000000E+00,0.000000E+00,0.000000E+00,0.000000E+00,0.000000E+00,0.000000E+00,0.000000E+00,0.000000E+00,2.096541E+01,3.489259E+01,2.494371E+01,4.272281E+01,3.605426E+03,0.000000E+00,1.217765E-01,0.000000E+00,0.000000E+00,0.000000E+00,0.000000E+00,0.000000E+00,0.000000E+00,0.000000E+00,0.000000E+00,0.000000E+00,2.096542E+01,3.488816E+01,2.479964E+01,4.313460E+01
04:00:00,1.457751E+04,0.000000E+00,4.925377E-01,0.000000E+00,0.000000E+00,0.000000E+00,0.000000E+00,0.000000E+00,0.000000E+00,0.000000E+00,0.000000E+00,0.000000E+00,2.097539E+01,3.521207E+01,2.633702E+01,3.892293E+01,3.605445E+03,0.000000E+00,1.217772E-01,0.000000E+00,0.000000E+00,0.000000E+00,0.000000E+00,0.000000E+00,0.000000E+00,0.000000E+00,0.000000E+00,0.000000E+00,2.096542E+01,3.488822E+01,2.524531E+01,4.133644E+01,3.603899E+03,0.000000E+00,1.217250E-01,0.000000E+00,0.000000E+00,0.000000E+00,0.000000E+00,0.000000E+00,0.000000E+00,0.000000E+00,0.000000E+00,0.000000E+00,2.096542E+01,3.488379E+01,2.509492E+01,4.172064E+01,6.444501E+03,5.946090E+03,2.179285E-01,4.184648E-01,0.000000E+00,0.000000E+00,0.000000E+00,0.000000E+00,0.000000E+00,0.000000E+00,0.000000E+00,0.000000E+00,2.100000E+01,5.151519E+01,2.669971E+01,3.924311E+01,8.515827E+03,0.000000E+00,2.877331E-01,0.000000E+00,0.000000E+00,0.000000E+00,0.000000E+00,0.000000E+00,0.000000E+00,0.000000E+00,0.000000E+00,0.000000E+00,2.097584E+01,3.525938E+01,2.646042E+01,3.874272E+01,8.510524E+03,0.000000E+00,2.875540E-01,0.000000E+00,0.000000E+00,0.000000E+00,0.000000E+00,0.000000E+00,0.000000E+00,0.000000E+00,0.000000E+00,0.000000E+00,2.097584E+01,3.525301E+01,2.627095E+01,3.921254E+01,1.458611E+04,0.000000E+00,4.928283E-01,0.000000E+00,0.000000E+00,0.000000E+00,0.000000E+00,0.000000E+00,0.000000E+00,0.000000E+00,0.000000E+00,0.000000E+00,2.097538E+01,3.521811E+01,2.594786E+01,3.984573E+01,3.606989E+03,0.000000E+00,1.218293E-01,0.000000E+00,0.000000E+00,0.000000E+00,0.000000E+00,0.000000E+00,0.000000E+00,0.000000E+00,0.000000E+00,0.000000E+00,2.096541E+01,3.489264E+01,2.493598E+01,4.211381E+01,3.605443E+03,0.000000E+00,1.217771E-01,0.000000E+00,0.000000E+00,0.000000E+00,0.000000E+00,0.000000E+00,0.000000E+00,0.000000E+00,0.000000E+00,0.000000E+00,2.096542E+01,3.488821E+01,2.478677E+01,4.250249E+01
05:00:00,1.457771E+04,0.000000E+00,4.925445E-01,0.000000E+00,0.000000E+00,0.000000E+00,0.000000E+00,0.000000E+00,0.000000E+00,0.000000E+00,0.000000E+00,0.000000E+00,2.097539E+01,3.521222E+01,2.634659E+01,3.871391E+01,3.605461E+03,0.000000E+00,1.217777E-01,0.000000E+00,0.000000E+00,0.000000E+00,0.000000E+00,0.000000E+00,0.000000E+00,0.000000E+00,0.000000E+00,0.000000E+00,2.096542E+01,3.488827E+01,2.520416E+01,4.127970E+01,3.603916E+03,0.000000E+00,1.217256E-01,0.000000E+00,0.000000E+00,0.000000E+00,0.000000E+00,0.000000E+00,0.000000E+00,0.000000E+00,0.000000E+00,0.000000E+00,2.096542E+01,3.488385E+01,2.505168E+01,4.165629E+01,6.445754E+03,6.100970E+03,2.179708E-01,4.293625E-01,0.000000E+00,0.000000E+00,0.000000E+00,0.000000E+00,0.000000E+00,0.000000E+00,0.000000E+00,0.000000E+00,2.100000E+01,5.151519E+01,2.669978E+01,3.913411E+01,8.515936E+03,0.000000E+00,2.877368E-01,0.000000E+00,0.000000E+00,0.000000E+00,0.000000E+00,0.000000E+00,0.000000E+00,0.000000E+00,0.000000E+00,0.000000E+00,2.097584E+01,3.525952E+01,2.646786E+01,3.847334E+01,8.510638E+03,0.000000E+00,2.875578E-01,0.000000E+00,0.000000E+00,0.000000E+00,0.000000E+00,0.000000E+00,0.000000E+00,0.000000E+00,0.000000E+00,0.000000E+00,2.097584E+01,3.525315E+01,2.627806E+01,3.891967E+01,1.458631E+04,0.000000E+00,4.928348E-01,0.000000E+00,0.000000E+00,0.000000E+00,0.000000E+00,0.000000E+00,0.000000E+00,0.000000E+00,0.000000E+00,0.000000E+00,2.097538E+01,3.521826E+01,2.595999E+01,3.961534E+01,3.607004E+03,0.000000E+00,1.218298E-01,0.000000E+00,0.000000E+00,0.000000E+00,0.000000E+00,0.000000E+00,0.000000E+00,0.000000E+00,0.000000E+00,0.000000E+00,2.096541E+01,3.489268E+01,2.489209E+01,4.205496E+01,3.605459E+03,0.000000E+00,1.217776E-01,0.000000E+00,0.000000E+00,0.000000E+00,0.000000E+00,0.000000E+00,0.000000E+00,0.000000E+00,0.000000E+00,0.000000E+00,2.096542E+01,3.488826E+01,2.474088E+01,4.243634E+01
06:00:00,1.457790E+04,0.000000E+00,4.925510E-01,0.000000E+00,0.000000E+00,0.000000E+00,0.000000E+00,0.000000E+00,0.000000E+00,0.000000E+00,0.000000E+00,0.000000E+00,2.097539E+01,3.521237E+01,2.633658E+01,3.866320E+01,3.605476E+03,0.000000E+00,1.217782E-01,0.000000E+00,0.000000E+00,0.000000E+00,0.000000E+00,0.000000E+00,0.000000E+00,0.000000E+00,0.000000E+00,0.000000E+00,2.096542E+01,3.488832E+01,2.516001E+01,4.140750E+01,3.603932E+03,0.000000E+00,1.217261E-01,0.000000E+00,0.000000E+00,0.000000E+00,0.000000E+00,0.000000E+00,0.000000E+00,0.000000E+00,0.000000E+00,0.000000E+00,2.096542E+01,3.488389E+01,2.500701E+01,4.178558E+01,6.446958E+03,6.331602E+03,2.180115E-01,4.455918E-01,0.000000E+00,0.000000E+00,0.000000E+00,0.000000E+00,0.000000E+00,0.000000E+00,0.000000E+00,0.000000E+00,2.100000E+01,5.151519E+01,2.669983E+01,3.905038E+01,8.516041E+03,0.000000E+00,2.877403E-01,0.000000E+00,0.000000E+00,0.000000E+00,0.000000E+00,0.000000E+00,0.000000E+00,0.000000E+00,0.000000E+00,0.000000E+00,2.097584E+01,3.525965E+01,2.645478E+01,3.840548E+01,8.510746E+03,0.000000E+00,2.875615E-01,0.000000E+00,0.000000E+00,0.000000E+00,0.000000E+00,0.000000E+00,0.000000E+00,0.000000E+00,0.000000E+00,0.000000E+00,2.097584E+01,3.525329E+01,2.626689E+01,3.883783E+01,1.458649E+04,0.000000E+00,4.928411E-01,0.000000E+00,0.000000E+00,0.000000E+00,0.000000E+00,0.000000E+00,0.000000E+00,0.000000E+00,0.000000E+00,0.000000E+00,2.097538E+01,3.521840E+01,2.595409E+01,3.954937E+01,3.607018E+03,0.000000E+00,1.218303E-01,0.000000E+00,0.000000E+00,0.000000E+00,0.000000E+00,0.000000E+00,0.000000E+00,0.000000E+00,0.000000E+00,0.000000E+00,2.096541E+01,3.489273E+01,2.484755E+01,4.218528E+01,3.605474E+03,0.000000E+00,1.217782E-01,0.000000E+00,0.000000E+00,0.000000E+00,0.000000E+00,0.000000E+00,0.000000E+00,0.000000E+00,0.000000E+00,0.000000E+00,2.096542E+01,3.488831E+01,2.469583E+01,4.256818E+01
07:00:00,1.457809E+04,4.685871E+03,4.925572E-01,3.792500E-01,0.000000E+00,0.000000E+00,0.000000E+00,0.000000E+00,0.000000E+00,0.000000E+00,0.000000E+00,0.000000E+00,2.097539E+01,3.521250E+01,2.439112E+01,4.489622E+01,3.605491E+03,1.087870E+03,1.217787E-01,9.286255E-02,0.000000E+00,0.000000E+00,0.000000E+00,0.000000E+00,0.000000E+00,0.000000E+00,0.000000E+00,0.000000E+00,2.096542E+01,3.488836E+01,2.419260E+01,5.006813E+01,3.603947E+03,1.176272E+03,1.217266E-01,1.004619E-01,0.000000E+00,0.000000E+00,0.000000E+00,0.000000E+00,0.000000E+00,0.000000E+00,0.000000E+00,0.000000E+00,2.096542E+01,3.488394E+01,2.419340E+01,4.991182E+01,6.448114E+03,1.941720E+04,2.180506E-01,1.538870E+00,0.000000E+00,0.000000E+00,0.000000E+00,0.000000E+00,0.000000E+00,0.000000E+00,0.000000E+00,0.000000E+00,2.100000E+01,5.151519E+01,2.442887E+01,4.488087E+01,8.516141E+03,3.075870E+03,2.877437E-01,2.489952E-01,0.000000E+00,0.000000E+00,0.000000E+00,0.000000E+00,0.000000E+00,0.000000E+00,0.000000E+00,0.000000E+00,2.097584E+01,3.525978E+01,2.441667E+01,4.565854E+01,8.510850E+03,3.405139E+03,2.875650E-01,2.770897E-01,0.000000E+00,0.000000E+00,0.000000E+00,0.000000E+00,0.000000E+00,0.000000E+00,0.000000E+00,0.000000E+00,2.097584E+01,3.525342E+01,2.441526E+01,4.562090E+01,1.458667E+04,4.250308E+03,4.928471E-01,3.469826E-01,0.000000E+00,0.000000E+00,0.000000E+00,0.000000E+00,0.000000E+00,0.000000E+00,0.000000E+00,0.000000E+00,2.097538E+01,3.521853E+01,2.434303E+01,4.499875E+01,3.607032E+03,1.047138E+03,1.218308E-01,8.981652E-02,0.000000E+00,0.000000E+00,0.000000E+00,0.000000E+00,0.000000E+00,0.000000E+00,0.000000E+00,0.000000E+00,2.096541E+01,3.489277E+01,2.415606E+01,5.011591E+01,3.605488E+03,1.118097E+03,1.217786E-01,9.598116E-02,0.000000E+00,0.000000E+00,0.000000E+00,0.000000E+00,0.000000E+00,0.000000E+00,0.000000E+00,0.000000E+00,2.096542E+01,3.488835E+01,2.415277E+01,4.998820E+01
08:00:00,1.457826E+04,4.094312E+03,4.925632E-01,3.574727E-01,0.000000E+00,0.000000E+00,0.000000E+00,0.000000E+00,0.000000E+00,0.000000E+00,0.000000E+00,0.000000E+00,2.097539E+01,3.521264E+01,2.399964E+01,4.730589E+01,3.605505E+03,1.103335E+03,1.217792E-01,9.635994E-02,0.000000E+00,0.000000E+00,0.000000E+00,0.000000E+00,0.000000E+00,0.000000E+00,0.000000E+00,0.000000E+00,2.096542E+01,3.488840E+01,2.399636E+01,5.441863E+01,3.603962E+03,1.258871E+03,1.217271E-01,1.099451E-01,0.000000E+00,0.000000E+00,0.000000E+00,0.000000E+00,0.000000E+00,0.000000E+00,0.000000E+00,0.000000E+00,2.096542E+01,3.488398E+01,2.399621E+01,5.404526E+01,6.449226E+03,1.757084E+04,2.180882E-01,1.534077E+00,0.000000E+00,0.000000E+00,0.000000E+00,0.000000E+00,0.000000E+00,0.000000E+00,0.000000E+00,0.000000E+00,2.100000E+01,5.151519E+01,2.399983E+01,4.641355E+01,8.516237E+03,2.891661E+03,2.877469E-01,2.524798E-01,0.000000E+00,0.000000E+00,0.000000E+00,0.000000E+00,0.000000E+00,0.000000E+00,0.000000E+00,0.000000E+00,2.097584E+01,3.525990E+01,2.399919E+01,4.887927E+01,8.510949E+03,3.493217E+03,2.875683E-01,3.050052E-01,0.000000E+00,0.000000E+00,0.000000E+00,0.000000E+00,0.000000E+00,0.000000E+00,0.000000E+00,0.000000E+00,2.097584E+01,3.525355E+01,2.399913E+01,4.872560E+01,1.458684E+04,3.592330E+03,4.928529E-01,3.136440E-01,0.000000E+00,0.000000E+00,0.000000E+00,0.000000E+00,0.000000E+00,0.000000E+00,0.000000E+00,0.000000E+00,2.097538E+01,3.521865E+01,2.399967E+01,4.728897E+01,3.607045E+03,1.045703E+03,1.218312E-01,9.132566E-02,0.000000E+00,0.000000E+00,0.000000E+00,0.000000E+00,0.000000E+00,0.000000E+00,0.000000E+00,0.000000E+00,2.096541E+01,3.489281E+01,2.399648E+01,5.436590E+01,3.605502E+03,1.183060E+03,1.217791E-01,1.033227E-01,0.000000E+00,0.000000E+00,0.000000E+00,0.000000E+00,0.000000E+00,0.000000E+00,0.000000E+00,0.000000E+00,2.096542E+01,3.488839E+01,2.399636E+01,5.403946E+01
09:00:00,1.457843E+04,4.923605E+03,4.925690E-01,4.298946E-01,0.000000E+00,0.000000E+00,0.000000E+00,0.000000E+00,0.000000E+00,0.000000E+00,0.000000E+00,0.000000E+00,2.097539E+01,3.521276E+01,2.399921E+01,4.744690E+01,3.605518E+03,1.188287E+03,1.217796E-01,1.038061E-01,0.000000E+00,0.000000E+00,0.000000E+00,0.000000E+00,0.000000E+00,0.000000E+00,0.000000E+00,0.000000E+00,2.096542E+01,3.488844E+01,2.399345E+01,5.452722E+01,3.603976E+03,1.372059E+03,1.217276E-01,1.198637E-01,0.000000E+00,0.000000E+00,0.000000E+00,0.000000E+00,0.000000E+00,0.000000E+00,0.000000E+00,0.000000E+00,2.096542E+01,3.488402E+01,2.399311E+01,5.394802E+01,6.450294E+03,2.178991E+04,2.181243E-01,1.902490E+00,0.000000E+00,0.000000E+00,0.000000E+00,0.000000E+00,0.000000E+00,0.000000E+00,0.000000E+00,0.000000E+00,2.100000E+01,5.151519E+01,2.399951E+01,4.641599E+01,8.516328E+03,3.336081E+03,2.877500E-01,2.913081E-01,0.000000E+00,0.000000E+00,0.000000E+00,0.000000E+00,0.000000E+00,0.000000E+00,0.000000E+00,0.000000E+00,2.097584E+01,3.526001E+01,2.399825E+01,4.890344E+01,8.511045E+03,4.074576E+03,2.875715E-01,3.557999E-01,0.000000E+00,0.000000E+00,0.000000E+00,0.000000E+00,0.000000E+00,0.000000E+00,0.000000E+00,0.000000E+00,2.097584E+01,3.525367E+01,2.399805E+01,4.864122E+01,1.458700E+04,4.312836E+03,4.928584E-01,3.765638E-01,0.000000E+00,0.000000E+00,0.000000E+00,0.000000E+00,0.000000E+00,0.000000E+00,0.000000E+00,0.000000E+00,2.097538E+01,3.521877E+01,2.399929E+01,4.749150E+01,3.607057E+03,1.114958E+03,1.218316E-01,9.739839E-02,0.000000E+00,0.000000E+00,0.000000E+00,0.000000E+00,0.000000E+00,0.000000E+00,0.000000E+00,0.000000E+00,2.096541E+01,3.489285E+01,2.399367E+01,5.468082E+01,3.605515E+03,1.287957E+03,1.217796E-01,1.125143E-01,0.000000E+00,0.000000E+00,0.000000E+00,0.000000E+00,0.000000E+00,0.000000E+00,0.000000E+00,0.000000E+00,2.096542E+01,3.488843E+01,2.399333E+01,5.414780E+01
10:00:00,1.457860E+04,5.069679E+03,4.925744E-01,4.426615E-01,0.000000E+00,0.000000E+00,0.000000E+00,0.000000E+00,0.000000E+00,0.000000E+00,0.000000E+00,0.000000E+00,2.097539E+01,3.521288E+01,2.399888E+01,4.741167E+01,3.605530E+03,1.260435E+03,1.217801E-01,1.101208E-01,0.000000E+00,0.000000E+00,0.000000E+00,0.000000E+00,0.000000E+00,0.000000E+00,0.000000E+00,0.000000E+00,2.096542E+01,3.488848E+01,2.399223E+01,5.357724E+01,3.603989E+03,1.462056E+03,1.217280E-01,1.277393E-01,0.000000E+00,0.000000E+00,0.000000E+00,0.000000E+00,0.000000E+00,0.000000E+00,0.000000E+00,0.000000E+00,2.096542E+01,3.488406E+01,2.399192E+01,5.286762E+01,6.451320E+03,2.041972E+04,2.181590E-01,1.782887E+00,0.000000E+00,0.000000E+00,0.000000E+00,0.000000E+00,0.000000E+00,0.000000E+00,0.000000E+00,0.000000E+00,2.100000E+01,5.151519E+01,2.399933E+01,4.642979E+01,8.516416E+03,3.260430E+03,2.877530E-01,2.847147E-01,0.000000E+00,0.000000E+00,0.000000E+00,0.000000E+00,0.000000E+00,0.000000E+00,0.000000E+00,0.000000E+00,2.097584E+01,3.526013E+01,2.399775E+01,4.869613E+01,8.511136E+03,4.085669E+03,2.875746E-01,3.567842E-01,0.000000E+00,0.000000E+00,0.000000E+00,0.000000E+00,0.000000E+00,0.000000E+00,0.000000E+00,0.000000E+00,2.097584E+01,3.525379E+01,2.399756E+01,4.830959E+01,1.458716E+04,4.277582E+03,4.928637E-01,3.734964E-01,0.000000E+00,0.000000E+00,0.000000E+00,0.000000E+00,0.000000E+00,0.000000E+00,0.000000E+00,0.000000E+00,2.097538E+01,3.521889E+01,2.399897E+01,4.753782E+01,3.607069E+03,1.158591E+03,1.218320E-01,1.012214E-01,0.000000E+00,0.000000E+00,0.000000E+00,0.000000E+00,0.000000E+00,0.000000E+00,0.000000E+00,0.000000E+00,2.096541E+01,3.489288E+01,2.399240E+01,5.388644E+01,3.605528E+03,1.356254E+03,1.217800E-01,1.184940E-01,0.000000E+00,0.000000E+00,0.000000E+00,0.000000E+00,0.000000E+00,0.000000E+00,0.000000E+00,0.000000E+00,2.096542E+01,3.488847E+01,2.399206E+01,5.318429E+01
11:00:00,1.457875E+04,5.585306E+03,4.925797E-01,4.876865E-01,0.000000E+00,0.000000E+00,0.000000E+00,0.000000E+00,0.000000E+00,0.000000E+00,0.000000E+00,0.000000E+00,2.097539E+01,3.521300E+01,2.399882E+01,4.713369E+01,3.605542E+03,1.365539E+03,1.217805E-01,1.193027E-01,0.000000E+00,0.000000E+00,0.000000E+00,0.000000E+00,0.000000E+00,0.000000E+00,0.000000E+00,0.000000E+00,2.096542E+01,3.488852E+01,2.399229E+01,5.274170E+01,3.604002E+03,1.563620E+03,1.217285E-01,1.366101E-01,0.000000E+00,0.000000E+00,0.000000E+00,0.000000E+00,0.000000E+00,0.000000E+00,0.000000E+00,0.000000E+00,2.096542E+01,3.488410E+01,2.399216E+01,5.207472E+01,6.452306E+03,2.052630E+04,2.181924E-01,1.792194E+00,0.000000E+00,0.000000E+00,0.000000E+00,0.000000E+00,0.000000E+00,0.000000E+00,0.000000E+00,0.000000E+00,2.100000E+01,5.151519E+01,2.399932E+01,4.637067E+01,8.516501E+03,3.386220E+03,2.877558E-01,2.956976E-01,0.000000E+00,0.000000E+00,0.000000E+00,0.000000E+00,0.000000E+00,0.000000E+00,0.000000E+00,0.000000E+00,2.097584E+01,3.526023E+01,2.399782E+01,4.829679E+01,8.511224E+03,4.197791E+03,2.875776E-01,3.665712E-01,0.000000E+00,0.000000E+00,0.000000E+00,0.000000E+00,0.000000E+00,0.000000E+00,0.000000E+00,0.000000E+00,2.097584E+01,3.525390E+01,2.399769E+01,4.789474E+01,1.458731E+04,4.545074E+03,4.928687E-01,3.968550E-01,0.000000E+00,0.000000E+00,0.000000E+00,0.000000E+00,0.000000E+00,0.000000E+00,0.000000E+00,0.000000E+00,2.097538E+01,3.521900E+01,2.399890E+01,4.730028E+01,3.607080E+03,1.225672E+03,1.218324E-01,1.070818E-01,0.000000E+00,0.000000E+00,0.000000E+00,0.000000E+00,0.000000E+00,0.000000E+00,0.000000E+00,0.000000E+00,2.096541E+01,3.489292E+01,2.399243E+01,5.311533E+01,3.605540E+03,1.423336E+03,1.217804E-01,1.243529E-01,0.000000E+00,0.000000E+00,0.000000E+00,0.000000E+00,0.000000E+00,0.000000E+00,0.000000E+00,0.000000E+00,2.096542E+01,3.488851E+01,2.399224E+01,5.240348E+01
12:00:00,1.457890E+04,6.046959E+03,4.925847E-01,5.279934E-01,0.000000E+00,0.000000E+00,0.000000E+00,0.000000E+00,0.000000E+00,0.000000E+00,0.000000E+00,0.000000E+00,2.097539E+01,3.521311E+01,2.399888E+01,4.698218E+01,3.605554E+03,1.453108E+03,1.217809E-01,1.269509E-01,0.000000E+00,0.000000E+00,0.000000E+00,0.000000E+00,0.000000E+00,0.000000E+00,0.000000E+00,0.000000E+00,2.096542E+01,3.488855E+01,2.399252E+01,5.245710E+01,3.604014E+03,1.628072E+03,1.217289E-01,1.422363E-01,0.000000E+00,0.000000E+00,0.000000E+00,0.000000E+00,0.000000E+00,0.000000E+00,0.000000E+00,0.000000E+00,2.096542E+01,3.488414E+01,2.399254E+01,5.186571E+01,6.453253E+03,2.068601E+04,2.182244E-01,1.806133E+00,0.000000E+00,0.000000E+00,0.000000E+00,0.000000E+00,0.000000E+00,0.000000E+00,0.000000E+00,0.000000E+00,2.100000E+01,5.151519E+01,2.399935E+01,4.633416E+01,8.516581E+03,3.488232E+03,2.877586E-01,3.046009E-01,0.000000E+00,0.000000E+00,0.000000E+00,0.000000E+00,0.000000E+00,0.000000E+00,0.000000E+00,0.000000E+00,2.097584E+01,3.526034E+01,2.399799E+01,4.816683E+01,8.511307E+03,4.207772E+03,2.875804E-01,3.674341E-01,0.000000E+00,0.000000E+00,0.000000E+00,0.000000E+00,0.000000E+00,0.000000E+00,0.000000E+00,0.000000E+00,2.097584E+01,3.525400E+01,2.399795E+01,4.779951E+01,1.458745E+04,4.758332E+03,4.928736E-01,4.154737E-01,0.000000E+00,0.000000E+00,0.000000E+00,0.000000E+00,0.000000E+00,0.000000E+00,0.000000E+00,0.000000E+00,2.097538E+01,3.521911E+01,2.399895E+01,4.716784E+01,3.607091E+03,1.276482E+03,1.218328E-01,1.115183E-01,0.000000E+00,0.000000E+00,0.000000E+00,0.000000E+00,0.000000E+00,0.000000E+00,0.000000E+00,0.000000E+00,2.096541E+01,3.489295E+01,2.399268E+01,5.290880E+01,3.605551E+03,1.451895E+03,1.217808E-01,1.268432E-01,0.000000E+00,0.000000E+00,0.000000E+00,0.000000E+00,0.000000E+00,0.000000E+00,0.000000E+00,0.000000E+00,2.096542E+01,3.488854E+01,2.399266E+01,5.224192E+01
13:00:00,1.457904E+04,6.428908E+03,4.925896E-01,5.613415E-01,0.000000E+00,0.000000E+00,0.000000E+00,0.000000E+00,0.000000E+00,0.000000E+00,0.000000E+00,0.000000E+00,2.097539E+01,3.521321E+01,2.399892E+01,4.693153E+01,3.605565E+03,1.523056E+03,1.217812E-01,1.330619E-01,0.000000E+00,0.000000E+00,0.000000E+00,0.000000E+00,0.000000E+00,0.000000E+00,0.000000E+00,0.000000E+00,2.096542E+01,3.488858E+01,2.399251E+01,5.228048E+01,3.604026E+03,1.651203E+03,1.217293E-01,1.442560E-01,0.000000E+00,0.000000E+00,0.000000E+00,0.000000E+00,0.000000E+00,0.000000E+00,0.000000E+00,0.000000E+00,2.096542E+01,3.488417E+01,2.399263E+01,5.177572E+01,6.454164E+03,2.078473E+04,2.182552E-01,1.814748E+00,0.000000E+00,0.000000E+00,0.000000E+00,0.000000E+00,0.000000E+00,0.000000E+00,0.000000E+00,0.000000E+00,2.100000E+01,5.151519E+01,2.399938E+01,4.632649E+01,8.516658E+03,3.567552E+03,2.877612E-01,3.115257E-01,0.000000E+00,0.000000E+00,0.000000E+00,0.000000E+00,0.000000E+00,0.000000E+00,0.000000E+00,0.000000E+00,2.097584E+01,3.526043E+01,2.399805E+01,4.817317E+01,8.511388E+03,4.093628E+03,2.875831E-01,3.574632E-01,0.000000E+00,0.000000E+00,0.000000E+00,0.000000E+00,0.000000E+00,0.000000E+00,0.000000E+00,0.000000E+00,2.097584E+01,3.525411E+01,2.399806E+01,4.784834E+01,1.458759E+04,4.925836E+03,4.928782E-01,4.300977E-01,0.000000E+00,0.000000E+00,0.000000E+00,0.000000E+00,0.000000E+00,0.000000E+00,0.000000E+00,0.000000E+00,2.097538E+01,3.521921E+01,2.399899E+01,4.714004E+01,3.607101E+03,1.317266E+03,1.218331E-01,1.150814E-01,0.000000E+00,0.000000E+00,0.000000E+00,0.000000E+00,0.000000E+00,0.000000E+00,0.000000E+00,0.000000E+00,2.096541E+01,3.489298E+01,2.399267E+01,5.283116E+01,3.605562E+03,1.444721E+03,1.217811E-01,1.262150E-01,0.000000E+00,0.000000E+00,0.000000E+00,0.000000E+00,0.000000E+00,0.000000E+00,0.000000E+00,0.000000E+00,2.096542E+01,3.488857E+01,2.399279E+01,5.224132E+01
14:00:00,1.457918E+04,6.671870E+03,4.925942E-01,5.825560E-01,0.000000E+00,0.000000E+00,0.000000E+00,0.000000E+00,0.000000E+00,0.000000E+00,0.000000E+00,0.000000E+00,2.097539E+01,3.521332E+01,2.399891E+01,4.689710E+01,3.605575E+03,1.569564E+03,1.217816E-01,1.371259E-01,0.000000E+00,0.000000E+00,0.000000E+00,0.000000E+00,0.000000E+00,0.000000E+00,0.000000E+00,0.000000E+00,2.096542E+01,3.488861E+01,2.399245E+01,5.207905E+01,3.604037E+03,1.660641E+03,1.217296E-01,1.450799E-01,0.000000E+00,0.000000E+00,0.000000E+00,0.000000E+00,0.000000E+00,0.000000E+00,0.000000E+00,0.000000E+00,2.096542E+01,3.488421E+01,2.399267E+01,5.170365E+01,6.455039E+03,2.079040E+04,2.182848E-01,1.815242E+00,0.000000E+00,0.000000E+00,0.000000E+00,0.000000E+00,0.000000E+00,0.000000E+00,0.000000E+00,0.000000E+00,2.100000E+01,5.151519E+01,2.399939E+01,4.632899E+01,8.516732E+03,3.620903E+03,2.877637E-01,3.161852E-01,0.000000E+00,0.000000E+00,0.000000E+00,0.000000E+00,0.000000E+00,0.000000E+00,0.000000E+00,0.000000E+00,2.097584E+01,3.526053E+01,2.399802E+01,4.817154E+01,8.511465E+03,3.994454E+03,2.875857E-01,3.488025E-01,0.000000E+00,0.000000E+00,0.000000E+00,0.000000E+00,0.000000E+00,0.000000E+00,0.000000E+00,0.000000E+00,2.097584E+01,3.525421E+01,2.399808E+01,4.790949E+01,1.458772E+04,5.022725E+03,4.928827E-01,4.385578E-01,0.000000E+00,0.000000E+00,0.000000E+00,0.000000E+00,0.000000E+00,0.000000E+00,0.000000E+00,0.000000E+00,2.097538E+01,3.521931E+01,2.399898E+01,4.713293E+01,3.607111E+03,1.345402E+03,1.218334E-01,1.175406E-01,0.000000E+00,0.000000E+00,0.000000E+00,0.000000E+00,0.000000E+00,0.000000E+00,0.000000E+00,0.000000E+00,2.096541E+01,3.489301E+01,2.399257E+01,5.270667E+01,3.605573E+03,1.434026E+03,1.217815E-01,1.252803E-01,0.000000E+00,0.000000E+00,0.000000E+00,0.000000E+00,0.000000E+00,0.000000E+00,0.000000E+00,0.000000E+00,2.096542E+01,3.488861E+01,2.399283E+01,5.225741E+01
15:00:00,1.457931E+04,6.721028E+03,4.925986E-01,5.868484E-01,0.000000E+00,0.000000E+00,0.000000E+00,0.000000E+00,0.000000E+00,0.000000E+00,0.000000E+00,0.000000E+00,2.097539E+01,3.521341E+01,2.399891E+01,4.686094E+01,3.605585E+03,1.621716E+03,1.217819E-01,1.416816E-01,0.000000E+00,0.000000E+00,0.000000E+00,0.000000E+00,0.000000E+00,0.000000E+00,0.000000E+00,0.000000E+00,2.096542E+01,3.488864E+01,2.399249E+01,5.192291E+01,3.604047E+03,1.663050E+03,1.217300E-01,1.452899E-01,0.000000E+00,0.000000E+00,0.000000E+00,0.000000E+00,0.000000E+00,0.000000E+00,0.000000E+00,0.000000E+00,2.096542E+01,3.488424E+01,2.399271E+01,5.166656E+01,6.455879E+03,2.069451E+04,2.183132E-01,1.806870E+00,0.000000E+00,0.000000E+00,0.000000E+00,0.000000E+00,0.000000E+00,0.000000E+00,0.000000E+00,0.000000E+00,2.100000E+01,5.151519E+01,2.399939E+01,4.633113E+01,8.516803E+03,3.785446E+03,2.877661E-01,3.305543E-01,0.000000E+00,0.000000E+00,0.000000E+00,0.000000E+00,0.000000E+00,0.000000E+00,0.000000E+00,0.000000E+00,2.097584E+01,3.526062E+01,2.399799E+01,4.814441E+01,8.511539E+03,3.946110E+03,2.875882E-01,3.445815E-01,0.000000E+00,0.000000E+00,0.000000E+00,0.000000E+00,0.000000E+00,0.000000E+00,0.000000E+00,0.000000E+00,2.097584E+01,3.525430E+01,2.399807E+01,4.795180E+01,1.458785E+04,5.014437E+03,4.928870E-01,4.378346E-01,0.000000E+00,0.000000E+00,0.000000E+00,0.000000E+00,0.000000E+00,0.000000E+00,0.000000E+00,0.000000E+00,2.097538E+01,3.521940E+01,2.399897E+01,4.711778E+01,3.607120E+03,1.388395E+03,1.218338E-01,1.212970E-01,0.000000E+00,0.000000E+00,0.000000E+00,0.000000E+00,0.000000E+00,0.000000E+00,0.000000E+00,0.000000E+00,2.096541E+01,3.489304E+01,2.399254E+01,5.259027E+01,3.605583E+03,1.425412E+03,1.217818E-01,1.245279E-01,0.000000E+00,0.000000E+00,0.000000E+00,0.000000E+00,0.000000E+00,0.000000E+00,0.000000E+00,0.000000E+00,2.096542E+01,3.488864E+01,2.399281E+01,5.228236E+01
16:00:00,1.457944E+04,6.540501E+03,4.926029E-01,5.710845E-01,0.000000E+00,0.000000E+00,0.000000E+00,0.000000E+00,0.000000E+00,0.000000E+00,0.000000E+00,0.000000E+00,2.097539E+01,3.521351E+01,2.399893E+01,4.684053E+01,3.605595E+03,1.641352E+03,1.217822E-01,1.433970E-01,0.000000E+00,0.000000E+00,0.000000E+00,0.000000E+00,0.000000E+00,0.000000E+00,0.000000E+00,0.000000E+00,2.096542E+01,3.488867E+01,2.399250E+01,5.178903E+01,3.604057E+03,1.627032E+03,1.217303E-01,1.421428E-01,0.000000E+00,0.000000E+00,0.000000E+00,0.000000E+00,0.000000E+00,0.000000E+00,0.000000E+00,0.000000E+00,2.096542E+01,3.488427E+01,2.399275E+01,5.165732E+01,6.456687E+03,2.048494E+04,2.183405E-01,1.788572E+00,0.000000E+00,0.000000E+00,0.000000E+00,0.000000E+00,0.000000E+00,0.000000E+00,0.000000E+00,0.000000E+00,2.100000E+01,5.151519E+01,2.399939E+01,4.633257E+01,8.516871E+03,3.909183E+03,2.877684E-01,3.413611E-01,0.000000E+00,0.000000E+00,0.000000E+00,0.000000E+00,0.000000E+00,0.000000E+00,0.000000E+00,0.000000E+00,2.097584E+01,3.526070E+01,2.399794E+01,4.808260E+01,8.511609E+03,3.842956E+03,2.875906E-01,3.355745E-01,0.000000E+00,0.000000E+00,0.000000E+00,0.000000E+00,0.000000E+00,0.000000E+00,0.000000E+00,0.000000E+00,2.097584E+01,3.525439E+01,2.399805E+01,4.797522E+01,1.458797E+04,4.882762E+03,4.928910E-01,4.263371E-01,0.000000E+00,0.000000E+00,0.000000E+00,0.000000E+00,0.000000E+00,0.000000E+00,0.000000E+00,0.000000E+00,2.097538E+01,3.521949E+01,2.399898E+01,4.710757E+01,3.607129E+03,1.412657E+03,1.218341E-01,1.234173E-01,0.000000E+00,0.000000E+00,0.000000E+00,0.000000E+00,0.000000E+00,0.000000E+00,0.000000E+00,0.000000E+00,2.096541E+01,3.489306E+01,2.399247E+01,5.246161E+01,3.605592E+03,1.393304E+03,1.217822E-01,1.217231E-01,0.000000E+00,0.000000E+00,0.000000E+00,0.000000E+00,0.000000E+00,0.000000E+00,0.000000E+00,0.000000E+00,2.096542E+01,3.488866E+01,2.399280E+01,5.230900E+01
17:00:00,1.457956E+04,6.174803E+03,4.926070E-01,5.391515E-01,0.000000E+00,0.000000E+00,0.000000E+00,0.000000E+00,0.000000E+00,0.000000E+00,0.000000E+00,0.000000E+00,2.097539E+01,3.521360E+01,2.399898E+01,4.684922E+01,3.605604E+03,1.628816E+03,1.217826E-01,1.423005E-01,0.000000E+00,0.000000E+00,0.000000E+00,0.000000E+00,0.000000E+00,0.000000E+00,0.000000E+00,0.000000E+00,2.096542E+01,3.488870E+01,2.399261E+01,5.171519E+01,3.604067E+03,1.558049E+03,1.217307E-01,1.361145E-01,0.000000E+00,0.000000E+00,0.000000E+00,0.000000E+00,0.000000E+00,0.000000E+00,0.000000E+00,0.000000E+00,2.096542E+01,3.488430E+01,2.399289E+01,5.172188E+01,6.457462E+03,2.015688E+04,2.183668E-01,1.759928E+00,0.000000E+00,0.000000E+00,0.000000E+00,0.000000E+00,0.000000E+00,0.000000E+00,0.000000E+00,0.000000E+00,2.100000E+01,5.151519E+01,2.399939E+01,4.633626E+01,8.516936E+03,3.994015E+03,2.877706E-01,3.487691E-01,0.000000E+00,0.000000E+00,0.000000E+00,0.000000E+00,0.000000E+00,0.000000E+00,0.000000E+00,0.000000E+00,2.097584E+01,3.526079E+01,2.399793E+01,4.801650E+01,8.511677E+03,3.701056E+03,2.875929E-01,3.231830E-01,0.000000E+00,0.000000E+00,0.000000E+00,0.000000E+00,0.000000E+00,0.000000E+00,0.000000E+00,0.000000E+00,2.097585E+01,3.525448E+01,2.399807E+01,4.800596E+01,1.458808E+04,4.687520E+03,4.928950E-01,4.092886E-01,0.000000E+00,0.000000E+00,0.000000E+00,0.000000E+00,0.000000E+00,0.000000E+00,0.000000E+00,0.000000E+00,2.097538E+01,3.521958E+01,2.399901E+01,4.711750E+01,3.607138E+03,1.423174E+03,1.218343E-01,1.243356E-01,0.000000E+00,0.000000E+00,0.000000E+00,0.000000E+00,0.000000E+00,0.000000E+00,0.000000E+00,0.000000E+00,2.096541E+01,3.489309E+01,2.399252E+01,5.236453E+01,3.605601E+03,1.348062E+03,1.217825E-01,1.177696E-01,0.000000E+00,0.000000E+00,0.000000E+00,0.000000E+00,0.000000E+00,0.000000E+00,0.000000E+00,0.000000E+00,2.096542E+01,3.488869E+01,2.399288E+01,5.238443E+01
18:00:00,1.457967E+04,5.636190E+03,4.926109E-01,4.921206E-01,0.000000E+00,0.000000E+00,0.000000E+00,0.000000E+00,0.000000E+00,0.000000E+00,0.000000E+00,0.000000E+00,2.097539E+01,3.521368E+01,2.399902E+01,4.688725E+01,3.605613E+03,1.578485E+03,1.217828E-01,1.379011E-01,0.000000E+00,0.000000E+00,0.000000E+00,0.000000E+00,0.000000E+00,0.000000E+00,0.000000E+00,0.000000E+00,2.096542E+01,3.488873E+01,2.399279E+01,5.172443E+01,3.604076E+03,1.455567E+03,1.217310E-01,1.271592E-01,0.000000E+00,0.000000E+00,0.000000E+00,0.000000E+00,0.000000E+00,0.000000E+00,0.000000E+00,0.000000E+00,2.096542E+01,3.488433E+01,2.399309E+01,5.187926E+01,6.458208E+03,1.971293E+04,2.183920E-01,1.721165E+00,0.000000E+00,0.000000E+00,0.000000E+00,0.000000E+00,0.000000E+00,0.000000E+00,0.000000E+00,0.000000E+00,2.100000E+01,5.151519E+01,2.399940E+01,4.634432E+01,8.516999E+03,4.019679E+03,2.877727E-01,3.510094E-01,0.000000E+00,0.000000E+00,0.000000E+00,0.000000E+00,0.000000E+00,0.000000E+00,0.000000E+00,0.000000E+00,2.097584E+01,3.526087E+01,2.399795E+01,4.796807E+01,8.511742E+03,3.514088E+03,2.875951E-01,3.068556E-01,0.000000E+00,0.000000E+00,0.000000E+00,0.000000E+00,0.000000E+00,0.000000E+00,0.000000E+00,0.000000E+00,2.097585E+01,3.525456E+01,2.399811E+01,4.805720E+01,1.458820E+04,4.421397E+03,4.928987E-01,3.860511E-01,0.000000E+00,0.000000E+00,0.000000E+00,0.000000E+00,0.000000E+00,0.000000E+00,0.000000E+00,0.000000E+00,2.097538E+01,3.521966E+01,2.399904E+01,4.714687E+01,3.607146E+03,1.411200E+03,1.218346E-01,1.232881E-01,0.000000E+00,0.000000E+00,0.000000E+00,0.000000E+00,0.000000E+00,0.000000E+00,0.000000E+00,0.000000E+00,2.096541E+01,3.489312E+01,2.399265E+01,5.231601E+01,3.605610E+03,1.286516E+03,1.217828E-01,1.123916E-01,0.000000E+00,0.000000E+00,0.000000E+00,0.000000E+00,0.000000E+00,0.000000E+00,0.000000E+00,0.000000E+00,2.096542E+01,3.488872E+01,2.399301E+01,5.251403E+01
19:00:00,1.457978E+04,5.064486E+03,4.926146E-01,4.422007E-01,0.000000E+00,0.000000E+00,0.000000E+00,0.000000E+00,0.000000E+00,0.000000E+00,0.000000E+00,0.000000E+00,2.097539E+01,3.521376E+01,2.399907E+01,4.695366E+01,3.605621E+03,1.491242E+03,1.217831E-01,1.302767E-01,0.000000E+00,0.000000E+00,0.000000E+00,0.000000E+00,0.000000E+00,0.000000E+00,0.000000E+00,0.000000E+00,2.096542E+01,3.488875E+01,2.399301E+01,5.182942E+01,3.604085E+03,1.337208E+03,1.217313E-01,1.168170E-01,0.000000E+00,0.000000E+00,0.000000E+00,0.000000E+00,0.000000E+00,0.000000E+00,0.000000E+00,0.000000E+00,2.096542E+01,3.488435E+01,2.399331E+01,5.213936E+01,6.458924E+03,1.916791E+04,2.184162E-01,1.673578E+00,0.000000E+00,0.000000E+00,0.000000E+00,0.000000E+00,0.000000E+00,0.000000E+00,0.000000E+00,0.000000E+00,2.100000E+01,5.151519E+01,2.399940E+01,4.635738E+01,8.517058E+03,3.899278E+03,2.877747E-01,3.404944E-01,0.000000E+00,0.000000E+00,0.000000E+00,0.000000E+00,0.000000E+00,0.000000E+00,0.000000E+00,0.000000E+00,2.097584E+01,3.526094E+01,2.399799E+01,4.794492E+01,8.511804E+03,3.264689E+03,2.875972E-01,2.850766E-01,0.000000E+00,0.000000E+00,0.000000E+00,0.000000E+00,0.000000E+00,0.000000E+00,0.000000E+00,0.000000E+00,2.097585E+01,3.525464E+01,2.399815E+01,4.813222E+01,1.458830E+04,4.057203E+03,4.929023E-01,3.542507E-01,0.000000E+00,0.000000E+00,0.000000E+00,0.000000E+00,0.000000E+00,0.000000E+00,0.000000E+00,0.000000E+00,2.097538E+01,3.521974E+01,2.399907E+01,4.719235E+01,3.607154E+03,1.352650E+03,1.218349E-01,1.181710E-01,0.000000E+00,0.000000E+00,0.000000E+00,0.000000E+00,0.000000E+00,0.000000E+00,0.000000E+00,0.000000E+00,2.096541E+01,3.489314E+01,2.399283E+01,5.233062E+01,3.605618E+03,1.200991E+03,1.217830E-01,1.049186E-01,0.000000E+00,0.000000E+00,0.000000E+00,0.000000E+00,0.000000E+00,0.000000E+00,0.000000E+00,0.000000E+00,2.096542E+01,3.488874E+01,2.399316E+01,5.270024E+01
20:00:00,1.457989E+04,4.667395E+03,4.926182E-01,4.075275E-01,0.000000E+00,0.000000E+00,0.000000E+00,0.000000E+00,0.000000E+00,0.000000E+00,0.000000E+00,0.000000E+00,2.097539E+01,3.521384E+01,2.399911E+01,4.703982E+01,3.605629E+03,1.425172E+03,1.217834E-01,1.245019E-01,0.000000E+00,0.000000E+00,0.000000E+00,0.000000E+00,0.000000E+00,0.000000E+00,0.000000E+00,0.000000E+00,2.096542E+01,3.488878E+01,2.399326E+01,5.203770E+01,3.604094E+03,1.249792E+03,1.217316E-01,1.091785E-01,0.000000E+00,0.000000E+00,0.000000E+00,0.000000E+00,0.000000E+00,0.000000E+00,0.000000E+00,0.000000E+00,2.096542E+01,3.488438E+01,2.399351E+01,5.248179E+01,6.459612E+03,1.856820E+04,2.184395E-01,1.621216E+00,0.000000E+00,0.000000E+00,0.000000E+00,0.000000E+00,0.000000E+00,0.000000E+00,0.000000E+00,0.000000E+00,2.100000E+01,5.151519E+01,2.399941E+01,4.637540E+01,8.517115E+03,3.726088E+03,2.877766E-01,3.253686E-01,0.000000E+00,0.000000E+00,0.000000E+00,0.000000E+00,0.000000E+00,0.000000E+00,0.000000E+00,0.000000E+00,2.097584E+01,3.526102E+01,2.399808E+01,4.796716E+01,8.511864E+03,3.037909E+03,2.875992E-01,2.652724E-01,0.000000E+00,0.000000E+00,0.000000E+00,0.000000E+00,0.000000E+00,0.000000E+00,0.000000E+00,0.000000E+00,2.097585E+01,3.525471E+01,2.399821E+01,4.823778E+01,1.458840E+04,3.885336E+03,4.929058E-01,3.392430E-01,0.000000E+00,0.000000E+00,0.000000E+00,0.000000E+00,0.000000E+00,0.000000E+00,0.000000E+00,0.000000E+00,2.097538E+01,3.521982E+01,2.399912E+01,4.725708E+01,3.607161E+03,1.315526E+03,1.218351E-01,1.149247E-01,0.000000E+00,0.000000E+00,0.000000E+00,0.000000E+00,0.000000E+00,0.000000E+00,0.000000E+00,0.000000E+00,2.096541E+01,3.489316E+01,2.399313E+01,5.246766E+01,3.605626E+03,1.150364E+03,1.217833E-01,1.004939E-01,0.000000E+00,0.000000E+00,0.000000E+00,0.000000E+00,0.000000E+00,0.000000E+00,0.000000E+00,0.000000E+00,2.096542E+01,3.488877E+01,2.399338E+01,5.297041E+01
21:00:00,1.457999E+04,4.321759E+03,4.926216E-01,3.773484E-01,0.000000E+00,0.000000E+00,0.000000E+00,0.000000E+00,0.000000E+00,0.000000E+00,0.000000E+00,0.000000E+00,2.097539E+01,3.521392E+01,2.399912E+01,4.712163E+01,3.605637E+03,1.356944E+03,1.217837E-01,1.185405E-01,0.000000E+00,0.000000E+00,0.000000E+00,0.000000E+00,0.000000E+00,0.000000E+00,0.000000E+00,0.000000E+00,2.096542E+01,3.488880E+01,2.399336E+01,5.224397E+01,3.604102E+03,1.173933E+03,1.217318E-01,1.025511E-01,0.000000E+00,0.000000E+00,0.000000E+00,0.000000E+00,0.000000E+00,0.000000E+00,0.000000E+00,0.000000E+00,2.096542E+01,3.488440E+01,2.399356E+01,5.279721E+01,6.460274E+03,1.798823E+04,2.184618E-01,1.570577E+00,0.000000E+00,0.000000E+00,0.000000E+00,0.000000E+00,0.000000E+00,0.000000E+00,0.000000E+00,0.000000E+00,2.100000E+01,5.151519E+01,2.399941E+01,4.639771E+01,8.517170E+03,3.534923E+03,2.877785E-01,3.086738E-01,0.000000E+00,0.000000E+00,0.000000E+00,0.000000E+00,0.000000E+00,0.000000E+00,0.000000E+00,0.000000E+00,2.097584E+01,3.526108E+01,2.399815E+01,4.802811E+01,8.511921E+03,2.827360E+03,2.876012E-01,2.468862E-01,0.000000E+00,0.000000E+00,0.000000E+00,0.000000E+00,0.000000E+00,0.000000E+00,0.000000E+00,0.000000E+00,2.097585E+01,3.525479E+01,2.399825E+01,4.835860E+01,1.458850E+04,3.722450E+03,4.929091E-01,3.250207E-01,0.000000E+00,0.000000E+00,0.000000E+00,0.000000E+00,0.000000E+00,0.000000E+00,0.000000E+00,0.000000E+00,2.097538E+01,3.521989E+01,2.399912E+01,4.731256E+01,3.607168E+03,1.274347E+03,1.218354E-01,1.113261E-01,0.000000E+00,0.000000E+00,0.000000E+00,0.000000E+00,0.000000E+00,0.000000E+00,0.000000E+00,0.000000E+00,2.096541E+01,3.489318E+01,2.399325E+01,5.260820E+01,3.605634E+03,1.112005E+03,1.217836E-01,9.714262E-02,0.000000E+00,0.000000E+00,0.000000E+00,0.000000E+00,0.000000E+00,0.000000E+00,0.000000E+00,0.000000E+00,2.096542E+01,3.488879E+01,2.399341E+01,5.319555E+01
22:00:00,1.458009E+04,3.963375E+03,4.926249E-01,3.460562E-01,0.000000E+00,0.000000E+00,0.000000E+00,0.000000E+00,0.000000E+00,0.000000E+00,0.000000E+00,0.000000E+00,2.097539E+01,3.521399E+01,2.399914E+01,4.719370E+01,3.605644E+03,1.211702E+03,1.217839E-01,1.058516E-01,0.000000E+00,0.000000E+00,0.000000E+00,0.000000E+00,0.000000E+00,0.000000E+00,0.000000E+00,0.000000E+00,2.096542E+01,3.488882E+01,2.399345E+01,5.244435E+01,3.604110E+03,1.097004E+03,1.217321E-01,9.583047E-02,0.000000E+00,0.000000E+00,0.000000E+00,0.000000E+00,0.000000E+00,0.000000E+00,0.000000E+00,0.000000E+00,2.096542E+01,3.488443E+01,2.399361E+01,5.307324E+01,6.460909E+03,1.737933E+04,2.184833E-01,1.517414E+00,0.000000E+00,0.000000E+00,0.000000E+00,0.000000E+00,0.000000E+00,0.000000E+00,0.000000E+00,0.000000E+00,2.100000E+01,5.151519E+01,2.399941E+01,4.642268E+01,8.517223E+03,3.055809E+03,2.877802E-01,2.668358E-01,0.000000E+00,0.000000E+00,0.000000E+00,0.000000E+00,0.000000E+00,0.000000E+00,0.000000E+00,0.000000E+00,2.097584E+01,3.526115E+01,2.399819E+01,4.810975E+01,8.511976E+03,2.614077E+03,2.876030E-01,2.282615E-01,0.000000E+00,0.000000E+00,0.000000E+00,0.000000E+00,0.000000E+00,0.000000E+00,0.000000E+00,0.000000E+00,2.097585E+01,3.525485E+01,2.399829E+01,4.848265E+01,1.458860E+04,3.330577E+03,4.929122E-01,2.908046E-01,0.000000E+00,0.000000E+00,0.000000E+00,0.000000E+00,0.000000E+00,0.000000E+00,0.000000E+00,0.000000E+00,2.097538E+01,3.521996E+01,2.399913E+01,4.735449E+01,3.607175E+03,1.126965E+03,1.218356E-01,9.845017E-02,0.000000E+00,0.000000E+00,0.000000E+00,0.000000E+00,0.000000E+00,0.000000E+00,0.000000E+00,0.000000E+00,2.096541E+01,3.489320E+01,2.399334E+01,5.273806E+01,3.605641E+03,1.026665E+03,1.217838E-01,8.968747E-02,0.000000E+00,0.000000E+00,0.000000E+00,0.000000E+00,0.000000E+00,0.000000E+00,0.000000E+00,0.000000E+00,2.096542E+01,3.488881E+01,2.399342E+01,5.335305E+01
23:00:00,1.458018E+04,0.000000E+00,4.926281E-01,0.000000E+00,0.000000E+00,0.000000E+00,0.000000E+00,0.000000E+00,0.000000E+00,0.000000E+00,0.000000E+00,0.000000E+00,2.097539E+01,3.521406E+01,2.503608E+01,4.383218E+01,3.605651E+03,0.000000E+00,1.217841E-01,0.000000E+00,0.000000E+00,0.000000E+00,0.000000E+00,0.000000E+00,0.000000E+00,0.000000E+00,0.000000E+00,0.000000E+00,2.096542E+01,3.488884E+01,2.483939E+01,4.743539E+01,3.604117E+03,0.000000E+00,1.217323E-01,0.000000E+00,0.000000E+00,0.000000E+00,0.000000E+00,0.000000E+00,0.000000E+00,0.000000E+00,0.000000E+00,0.000000E+00,2.096542E+01,3.488445E+01,2.473435E+01,4.803389E+01,6.461519E+03,2.647564E+02,2.185040E-01,1.866588E-02,0.000000E+00,0.000000E+00,0.000000E+00,0.000000E+00,0.000000E+00,0.000000E+00,0.000000E+00,0.000000E+00,2.100000E+01,5.151519E+01,2.572037E+01,4.192955E+01,8.517273E+03,0.000000E+00,2.877819E-01,0.000000E+00,0.000000E+00,0.000000E+00,0.000000E+00,0.000000E+00,0.000000E+00,0.000000E+00,0.000000E+00,0.000000E+00,2.097584E+01,3.526121E+01,2.514523E+01,4.430591E+01,8.512028E+03,0.000000E+00,2.876048E-01,0.000000E+00,0.000000E+00,0.000000E+00,0.000000E+00,0.000000E+00,0.000000E+00,0.000000E+00,0.000000E+00,0.000000E+00,2.097585E+01,3.525492E+01,2.502909E+01,4.484983E+01,1.458868E+04,0.000000E+00,4.929152E-01,0.000000E+00,0.000000E+00,0.000000E+00,0.000000E+00,0.000000E+00,0.000000E+00,0.000000E+00,0.000000E+00,0.000000E+00,2.097538E+01,3.522002E+01,2.482457E+01,4.450250E+01,3.607182E+03,0.000000E+00,1.218358E-01,0.000000E+00,0.000000E+00,0.000000E+00,0.000000E+00,0.000000E+00,0.000000E+00,0.000000E+00,0.000000E+00,0.000000E+00,2.096541E+01,3.489322E+01,2.467720E+01,4.807370E+01,3.605648E+03,0.000000E+00,1.217840E-01,0.000000E+00,0.000000E+00,0.000000E+00,0.000000E+00,0.000000E+00,0.000000E+00,0.000000E+00,0.000000E+00,0.000000E+00,2.096542E+01,3.488883E+01,2.458011E+01,4.864086E+01
24:00:00,1.458027E+04,0.000000E+00,4.926311E-01,0.000000E+00,0.000000E+00,0.000000E+00,0.000000E+00,0.000000E+00,0.000000E+00,0.000000E+00,0.000000E+00,0.000000E+00,2.097539E+01,3.521413E+01,2.565216E+01,4.183190E+01,3.605657E+03,0.000000E+00,1.217844E-01,0.000000E+00,0.000000E+00,0.000000E+00,0.000000E+00,0.000000E+00,0.000000E+00,0.000000E+00,0.000000E+00,0.000000E+00,2.096542E+01,3.488886E+01,2.515769E+01,4.492242E+01,3.604124E+03,0.000000E+00,1.217326E-01,0.000000E+00,0.000000E+00,0.000000E+00,0.000000E+00,0.000000E+00,0.000000E+00,0.000000E+00,0.000000E+00,0.000000E+00,2.096542E+01,3.488447E+01,2.503912E+01,4.541576E+01,6.462106E+03,3.480731E+03,2.185238E-01,2.472408E-01,0.000000E+00,0.000000E+00,0.000000E+00,0.000000E+00,0.000000E+00,0.000000E+00,0.000000E+00,0.000000E+00,2.100000E+01,5.151519E+01,2.646434E+01,4.011871E+01,8.517321E+03,0.000000E+00,2.877836E-01,0.000000E+00,0.000000E+00,0.000000E+00,0.000000E+00,0.000000E+00,0.000000E+00,0.000000E+00,0.000000E+00,0.000000E+00,2.097584E+01,3.526127E+01,2.576945E+01,4.214176E+01,8.512079E+03,0.000000E+00,2.876065E-01,0.000000E+00,0.000000E+00,0.000000E+00,0.000000E+00,0.000000E+00,0.000000E+00,0.000000E+00,0.000000E+00,0.000000E+00,2.097585E+01,3.525498E+01,2.563468E+01,4.265230E+01,1.458877E+04,0.000000E+00,4.929182E-01,0.000000E+00,0.000000E+00,0.000000E+00,0.000000E+00,0.000000E+00,0.000000E+00,0.000000E+00,0.000000E+00,0.000000E+00,2.097538E+01,3.522009E+01,2.537315E+01,4.261356E+01,3.607188E+03,0.000000E+00,1.218360E-01,0.000000E+00,0.000000E+00,0.000000E+00,0.000000E+00,0.000000E+00,0.000000E+00,0.000000E+00,0.000000E+00,0.000000E+00,2.096541E+01,3.489324E+01,2.494297E+01,4.560065E+01,3.605655E+03,0.000000E+00,1.217843E-01,0.000000E+00,0.000000E+00,0.000000E+00,0.000000E+00,0.000000E+00,0.000000E+00,0.000000E+00,0.000000E+00,0.000000E+00,2.096542E+01,3.488885E+01,2.482763E+01,4.608386E+01
Peak,1.458027E+04,6.721028E+03,4.926311E-01,5.868484E-01,0.000000E+00,0.000000E+00,0.000000E+00,0.000000E+00,0.000000E+00,0.000000E+00,0.000000E+00,0.000000E+00,,,,,3.605657E+03,1.641352E+03,1.217844E-01,1.433970E-01,0.000000E+00,0.000000E+00,0.000000E+00,0.000000E+00,0.000000E+00,0.000000E+00,0.000000E+00,0.000000E+00,,,,,3.604124E+03,1.663050E+03,1.217326E-01,1.452899E-01,0.000000E+00,0.000000E+00,0.000000E+00,0.000000E+00,0.000000E+00,0.000000E+00,0.000000E+00,0.000000E+00,,,,,6.462106E+03,2.178991E+04,2.185238E-01,1.902490E+00,0.000000E+00,0.000000E+00,0.000000E+00,0.000000E+00,0.000000E+00,0.000000E+00,0.000000E+00,0.000000E+00,,,,,8.517321E+03,4.019679E+03,2.877836E-01,3.510094E-01,0.000000E+00,0.000000E+00,0.000000E+00,0.000000E+00,0.000000E+00,0.000000E+00,0.000000E+00,0.000000E+00,,,,,8.512079E+03,4.207772E+03,2.876065E-01,3.674341E-01,0.000000E+00,0.000000E+00,0.000000E+00,0.000000E+00,0.000000E+00,0.000000E+00,0.000000E+00,0.000000E+00,,,,,1.458877E+04,5.022725E+03,4.929182E-01,4.385578E-01,0.000000E+00,0.000000E+00,0.000000E+00,0.000000E+00,0.000000E+00,0.000000E+00,0.000000E+00,0.000000E+00,,,,,3.607188E+03,1.423174E+03,1.218360E-01,1.243356E-01,0.000000E+00,0.000000E+00,0.000000E+00,0.000000E+00,0.000000E+00,0.000000E+00,0.000000E+00,0.000000E+00,,,,,3.605655E+03,1.451895E+03,1.217843E-01,1.268432E-01,0.000000E+00,0.000000E+00,0.000000E+00,0.000000E+00,0.000000E+00,0.000000E+00,0.000000E+00,0.000000E+00,,,,

Peak Vol Flow (m3/s),,,4.092997E-01,4.875797E-01,,,0.000000E+00,0.000000E+00,,,,,,,,,,,1.011838E-01,1.191406E-01,,,0.000000E+00,0.000000E+00,,,,,,,,,,,1.011408E-01,1.207133E-01,,,0.000000E+00,0.000000E+00,,,,,,,,,,,1.815592E-01,1.580673E+00,,,0.000000E+00,0.000000E+00,,,,,,,,,,,2.391033E-01,2.916342E-01,,,0.000000E+00,0.000000E+00,,,,,,,,,,,2.389562E-01,3.052805E-01,,,0.000000E+00,0.000000E+00,,,,,,,,,,,4.095382E-01,3.643732E-01,,,0.000000E+00,0.000000E+00,,,,,,,,,,,1.012268E-01,1.033035E-01,,,0.000000E+00,0.000000E+00,,,,,,,,,,,1.011838E-01,1.053869E-01,,,0.000000E+00,0.000000E+00,,,,,,,,
