Time,ZONE OFFICE WHOLEBUILDING - SM OFFICE 2 A  - STORY GROUND:KODIAK ANN HTG 99.6% CONDNS DB:Des Heat Load [W],ZONE OFFICE WHOLEBUILDING - SM OFFICE 2 A  - STORY GROUND:KODIAK AUGUST .4% CONDNS DB=>MCWB:Des Sens Cool Load [W],ZONE OFFICE WHOLEBUILDING - SM OFFICE 2 A  - STORY GROUND:KODIAK ANN HTG 99.6% CONDNS DB:Des Heat Mass Flow [kg/s],ZONE OFFICE WHOLEBUILDING - SM OFFICE 2 A  - STORY GROUND:KODIAK AUGUST .4% CONDNS DB=>MCWB:Des Cool Mass Flow [kg/s],ZONE OFFICE WHOLEBUILDING - SM OFFICE 2 A  - STORY GROUND::Des Latent Heat Load [W],ZONE OFFICE WHOLEBUILDING - SM OFFICE 2 A  - STORY GROUND::Des Latent Cool Load [W],ZONE OFFICE WHOLEBUILDING - SM OFFICE 2 A  - STORY GROUND::Des Latent Heat Mass Flow [kg/s],ZONE OFFICE WHOLEBUILDING - SM OFFICE 2 A  - STORY GROUND::Des Latent Cool Mass Flow [kg/s],ZONE OFFICE WHOLEBUILDING - SM OFFICE 2 A  - STORY GROUND::Des Heat Load No DOAS [W],ZONE OFFICE WHOLEBUILDING - SM OFFICE 2 A  - STORY GROUND::Des Sens Cool Load No DOAS [W],ZONE OFFICE WHOLEBUILDING - SM OFFICE 2 A  - STORY GROUND::Des Latent Heat Load No DOAS [W],ZONE OFFICE WHOLEBUILDING - SM OFFICE 2 A  - STORY GROUND::Des Latent Cool Load No DOAS [W],ZONE OFFICE WHOLEBUILDING - SM OFFICE 2 A  - STORY GROUND:KODIAK ANN HTG 99.6% CONDNS DB:Heating Zone Temperature [C],ZONE OFFICE WHOLEBUILDING - SM OFFICE 2 A  - STORY GROUND:KODIAK ANN HTG 99.6% CONDNS DB:Heating Zone Relative Humidity [%],ZONE OFFICE WHOLEBUILDING - SM OFFICE 2 A  - STORY GROUND:KODIAK AUGUST .4% CONDNS DB=>MCWB:Cooling Zone Temperature [C],ZONE OFFICE WHOLEBUILDING - SM OFFICE 2 A  - STORY GROUND:KODIAK AUGUST .4% CONDNS DB=>MCWB:Cooling Zone Relative Humidity [%],ZONE OFFICE WHOLEBUILDING - SM OFFICE 2 A END_A - STORY GROUND:KODIAK ANN HTG 99.6% CONDNS DB:Des Heat Load [W],ZONE OFFICE WHOLEBUILDING - SM OFFICE 2 A END_A - STORY GROUND:KODIAK AUGUST .4% CONDNS DB=>MCWB:Des Sens Cool Load [W],ZONE OFFICE WHOLEBUILDING - SM OFFICE 2 A END_A - STORY GROUND:KODIAK ANN HTG 99.6% CONDNS DB:Des Heat Mass Flow [kg/s],ZONE OFFICE WHOLEBUILDING - SM OFFICE 2 A END_A - STORY GROUND:KODIAK AUGUST .4% CONDNS DB=>MCWB:Des Cool Mass Flow [kg/s],ZONE OFFICE WHOLEBUILDING - SM OFFICE 2 A END_A - STORY GROUND::Des Latent Heat Load [W],ZONE OFFICE WHOLEBUILDING - SM OFFICE 2 A END_A - STORY GROUND::Des Latent Cool Load [W],ZONE OFFICE WHOLEBUILDING - SM OFFICE 2 A END_A - STORY GROUND::Des Latent Heat Mass Flow [kg/s],ZONE OFFICE WHOLEBUILDING - SM OFFICE 2 A END_A - STORY GROUND::Des Latent Cool Mass Flow [kg/s],ZONE OFFICE WHOLEBUILDING - SM OFFICE 2 A END_A - STORY GROUND::Des Heat Load No DOAS [W],ZONE OFFICE WHOLEBUILDING - SM OFFICE 2 A END_A - STORY GROUND::Des Sens Cool Load No DOAS [W],ZONE OFFICE WHOLEBUILDING - SM OFFICE 2 A END_A - STORY GROUND::Des Latent Heat Load No DOAS [W],ZONE OFFICE WHOLEBUILDING - SM OFFICE 2 A END_A - STORY GROUND::Des Latent Cool Load No DOAS [W],ZONE OFFICE WHOLEBUILDING - SM OFFICE 2 A END_A - STORY GROUND:KODIAK ANN HTG 99.6% CONDNS DB:Heating Zone Temperature [C],ZONE OFFICE WHOLEBUILDING - SM OFFICE 2 A END_A - STORY GROUND:KODIAK ANN HTG 99.6% CONDNS DB:Heating Zone Relative Humidity [%],ZONE OFFICE WHOLEBUILDING - SM OFFICE 2 A END_A - STORY GROUND:KODIAK AUGUST .4% CONDNS DB=>MCWB:Cooling Zone Temperature [C],ZONE OFFICE WHOLEBUILDING - SM OFFICE 2 A END_A - STORY GROUND:KODIAK AUGUST .4% CONDNS DB=>MCWB:Cooling Zone Relative Humidity [%],ZONE OFFICE WHOLEBUILDING - SM OFFICE 2 A END_B - STORY GROUND:KODIAK ANN HTG 99.6% CONDNS DB:Des Heat Load [W],ZONE OFFICE WHOLEBUILDING - SM OFFICE 2 A END_B - STORY GROUND:KODIAK AUGUST .4% CONDNS DB=>MCWB:Des Sens Cool Load [W],ZONE OFFICE WHOLEBUILDING - SM OFFICE 2 A END_B - STORY GROUND:KODIAK ANN HTG 99.6% CONDNS DB:Des Heat Mass Flow [kg/s],ZONE OFFICE WHOLEBUILDING - SM OFFICE 2 A END_B - STORY GROUND:KODIAK AUGUST .4% CONDNS DB=>MCWB:Des Cool Mass Flow [kg/s],ZONE OFFICE WHOLEBUILDING - SM OFFICE 2 A END_B - STORY GROUND::Des Latent Heat Load [W],ZONE OFFICE WHOLEBUILDING - SM OFFICE 2 A END_B - STORY GROUND::Des Latent Cool Load [W],ZONE OFFICE WHOLEBUILDING - SM OFFICE 2 A END_B - STORY GROUND::Des Latent Heat Mass Flow [kg/s],ZONE OFFICE WHOLEBUILDING - SM OFFICE 2 A END_B - STORY GROUND::Des Latent Cool Mass Flow [kg/s],ZONE OFFICE WHOLEBUILDING - SM OFFICE 2 A END_B - STORY GROUND::Des Heat Load No DOAS [W],ZONE OFFICE WHOLEBUILDING - SM OFFICE 2 A END_B - STORY GROUND::Des Sens Cool Load No DOAS [W],ZONE OFFICE WHOLEBUILDING - SM OFFICE 2 A END_B - STORY GROUND::Des Latent Heat Load No DOAS [W],ZONE OFFICE WHOLEBUILDING - SM OFFICE 2 A END_B - STORY GROUND::Des Latent Cool Load No DOAS [W],ZONE OFFICE WHOLEBUILDING - SM OFFICE 2 A END_B - STORY GROUND:KODIAK ANN HTG 99.6% CONDNS DB:Heating Zone Temperature [C],ZONE OFFICE WHOLEBUILDING - SM OFFICE 2 A END_B - STORY GROUND:KODIAK ANN HTG 99.6% CONDNS DB:Heating Zone Relative Humidity [%],ZONE OFFICE WHOLEBUILDING - SM OFFICE 2 A END_B - STORY GROUND:KODIAK AUGUST .4% CONDNS DB=>MCWB:Cooling Zone Temperature [C],ZONE OFFICE WHOLEBUILDING - SM OFFICE 2 A END_B - STORY GROUND:KODIAK AUGUST .4% CONDNS DB=>MCWB:Cooling Zone Relative Humidity [%],ZONE OFFICE WHOLEBUILDING - SM OFFICE 2 B  - STORY GROUND:KODIAK ANN HTG 99.6% CONDNS DB:Des Heat Load [W],ZONE OFFICE WHOLEBUILDING - SM OFFICE 2 B  - STORY GROUND:KODIAK JULY .4% CONDNS DB=>MCWB:Des Sens Cool Load [W],ZONE OFFICE WHOLEBUILDING - SM OFFICE 2 B  - STORY GROUND:KODIAK ANN HTG 99.6% CONDNS DB:Des Heat Mass Flow [kg/s],ZONE OFFICE WHOLEBUILDING - SM OFFICE 2 B  - STORY GROUND:KODIAK JULY .4% CONDNS DB=>MCWB:Des Cool Mass Flow [kg/s],ZONE OFFICE WHOLEBUILDING - SM OFFICE 2 B  - STORY GROUND::Des Latent Heat Load [W],ZONE OFFICE WHOLEBUILDING - SM OFFICE 2 B  - STORY GROUND::Des Latent Cool Load [W],ZONE OFFICE WHOLEBUILDING - SM OFFICE 2 B  - STORY GROUND::Des Latent Heat Mass Flow [kg/s],ZONE OFFICE WHOLEBUILDING - SM OFFICE 2 B  - STORY GROUND::Des Latent Cool Mass Flow [kg/s],ZONE OFFICE WHOLEBUILDING - SM OFFICE 2 B  - STORY GROUND::Des Heat Load No DOAS [W],ZONE OFFICE WHOLEBUILDING - SM OFFICE 2 B  - STORY GROUND::Des Sens Cool Load No DOAS [W],ZONE OFFICE WHOLEBUILDING - SM OFFICE 2 B  - STORY GROUND::Des Latent Heat Load No DOAS [W],ZONE OFFICE WHOLEBUILDING - SM OFFICE 2 B  - STORY GROUND::Des Latent Cool Load No DOAS [W],ZONE OFFICE WHOLEBUILDING - SM OFFICE 2 B  - STORY GROUND:KODIAK ANN HTG 99.6% CONDNS DB:Heating Zone Temperature [C],ZONE OFFICE WHOLEBUILDING - SM OFFICE 2 B  - STORY GROUND:KODIAK ANN HTG 99.6% CONDNS DB:Heating Zone Relative Humidity [%],ZONE OFFICE WHOLEBUILDING - SM OFFICE 2 B  - STORY GROUND:KODIAK JULY .4% CONDNS DB=>MCWB:Cooling Zone Temperature [C],ZONE OFFICE WHOLEBUILDING - SM OFFICE 2 B  - STORY GROUND:KODIAK JULY .4% CONDNS DB=>MCWB:Cooling Zone Relative Humidity [%],ZONE OFFICE WHOLEBUILDING - SM OFFICE 2 B END_A - STORY GROUND:KODIAK ANN HTG 99.6% CONDNS DB:Des Heat Load [W],ZONE OFFICE WHOLEBUILDING - SM OFFICE 2 B END_A - STORY GROUND:KODIAK JULY .4% CONDNS DB=>MCWB:Des Sens Cool Load [W],ZONE OFFICE WHOLEBUILDING - SM OFFICE 2 B END_A - STORY GROUND:KODIAK ANN HTG 99.6% CONDNS DB:Des Heat Mass Flow [kg/s],ZONE OFFICE WHOLEBUILDING - SM OFFICE 2 B END_A - STORY GROUND:KODIAK JULY .4% CONDNS DB=>MCWB:Des Cool Mass Flow [kg/s],ZONE OFFICE WHOLEBUILDING - SM OFFICE 2 B END_A - STORY GROUND::Des Latent Heat Load [W],ZONE OFFICE WHOLEBUILDING - SM OFFICE 2 B END_A - STORY GROUND::Des Latent Cool Load [W],ZONE OFFICE WHOLEBUILDING - SM OFFICE 2 B END_A - STORY GROUND::Des Latent Heat Mass Flow [kg/s],ZONE OFFICE WHOLEBUILDING - SM OFFICE 2 B END_A - STORY GROUND::Des Latent Cool Mass Flow [kg/s],ZONE OFFICE WHOLEBUILDING - SM OFFICE 2 B END_A - STORY GROUND::Des Heat Load No DOAS [W],ZONE OFFICE WHOLEBUILDING - SM OFFICE 2 B END_A - STORY GROUND::Des Sens Cool Load No DOAS [W],ZONE OFFICE WHOLEBUILDING - SM OFFICE 2 B END_A - STORY GROUND::Des Latent Heat Load No DOAS [W],ZONE OFFICE WHOLEBUILDING - SM OFFICE 2 B END_A - STORY GROUND::Des Latent Cool Load No DOAS [W],ZONE OFFICE WHOLEBUILDING - SM OFFICE 2 B END_A - STORY GROUND:KODIAK ANN HTG 99.6% CONDNS DB:Heating Zone Temperature [C],ZONE OFFICE WHOLEBUILDING - SM OFFICE 2 B END_A - STORY GROUND:KODIAK ANN HTG 99.6% CONDNS DB:Heating Zone Relative Humidity [%],ZONE OFFICE WHOLEBUILDING - SM OFFICE 2 B END_A - STORY GROUND:KODIAK JULY .4% CONDNS DB=>MCWB:Cooling Zone Temperature [C],ZONE OFFICE WHOLEBUILDING - SM OFFICE 2 B END_A - STORY GROUND:KODIAK JULY .4% CONDNS DB=>MCWB:Cooling Zone Relative Humidity [%],ZONE OFFICE WHOLEBUILDING - SM OFFICE 2 B END_B - STORY GROUND:KODIAK ANN HTG 99.6% CONDNS DB:Des Heat Load [W],ZONE OFFICE WHOLEBUILDING - SM OFFICE 2 B END_B - STORY GROUND:KODIAK JULY .4% CONDNS DB=>MCWB:Des Sens Cool Load [W],ZONE OFFICE WHOLEBUILDING - SM OFFICE 2 B END_B - STORY GROUND:KODIAK ANN HTG 99.6% CONDNS DB:Des Heat Mass Flow [kg/s],ZONE OFFICE WHOLEBUILDING - SM OFFICE 2 B END_B - STORY GROUND:KODIAK JULY .4% CONDNS DB=>MCWB:Des Cool Mass Flow [kg/s],ZONE OFFICE WHOLEBUILDING - SM OFFICE 2 B END_B - STORY GROUND::Des Latent Heat Load [W],ZONE OFFICE WHOLEBUILDING - SM OFFICE 2 B END_B - STORY GROUND::Des Latent Cool Load [W],ZONE OFFICE WHOLEBUILDING - SM OFFICE 2 B END_B - STORY GROUND::Des Latent Heat Mass Flow [kg/s],ZONE OFFICE WHOLEBUILDING - SM OFFICE 2 B END_B - STORY GROUND::Des Latent Cool Mass Flow [kg/s],ZONE OFFICE WHOLEBUILDING - SM OFFICE 2 B END_B - STORY GROUND::Des Heat Load No DOAS [W],ZONE OFFICE WHOLEBUILDING - SM OFFICE 2 B END_B - STORY GROUND::Des Sens Cool Load No DOAS [W],ZONE OFFICE WHOLEBUILDING - SM OFFICE 2 B END_B - STORY GROUND::Des Latent Heat Load No DOAS [W],ZONE OFFICE WHOLEBUILDING - SM OFFICE 2 B END_B - STORY GROUND::Des Latent Cool Load No DOAS [W],ZONE OFFICE WHOLEBUILDING - SM OFFICE 2 B END_B - STORY GROUND:KODIAK ANN HTG 99.6% CONDNS DB:Heating Zone Temperature [C],ZONE OFFICE WHOLEBUILDING - SM OFFICE 2 B END_B - STORY GROUND:KODIAK ANN HTG 99.6% CONDNS DB:Heating Zone Relative Humidity [%],ZONE OFFICE WHOLEBUILDING - SM OFFICE 2 B END_B - STORY GROUND:KODIAK JULY .4% CONDNS DB=>MCWB:Cooling Zone Temperature [C],ZONE OFFICE WHOLEBUILDING - SM OFFICE 2 B END_B - STORY GROUND:KODIAK JULY .4% CONDNS DB=>MCWB:Cooling Zone Relative Humidity [%],ZONE OFFICE WHOLEBUILDING - SM OFFICE 2 C  - STORY GROUND:KODIAK ANN HTG 99.6% CONDNS DB:Des Heat Load [W],ZONE OFFICE WHOLEBUILDING - SM OFFICE 2 C  - STORY GROUND:KODIAK JULY .4% CONDNS DB=>MCWB:Des Sens Cool Load [W],ZONE OFFICE WHOLEBUILDING - SM OFFICE 2 C  - STORY GROUND:KODIAK ANN HTG 99.6% CONDNS DB:Des Heat Mass Flow [kg/s],ZONE OFFICE WHOLEBUILDING - SM OFFICE 2 C  - STORY GROUND:KODIAK JULY .4% CONDNS DB=>MCWB:Des Cool Mass Flow [kg/s],ZONE OFFICE WHOLEBUILDING - SM OFFICE 2 C  - STORY GROUND::Des Latent Heat Load [W],ZONE OFFICE WHOLEBUILDING - SM OFFICE 2 C  - STORY GROUND::Des Latent Cool Load [W],ZONE OFFICE WHOLEBUILDING - SM OFFICE 2 C  - STORY GROUND::Des Latent Heat Mass Flow [kg/s],ZONE OFFICE WHOLEBUILDING - SM OFFICE 2 C  - STORY GROUND::Des Latent Cool Mass Flow [kg/s],ZONE OFFICE WHOLEBUILDING - SM OFFICE 2 C  - STORY GROUND::Des Heat Load No DOAS [W],ZONE OFFICE WHOLEBUILDING - SM OFFICE 2 C  - STORY GROUND::Des Sens Cool Load No DOAS [W],ZONE OFFICE WHOLEBUILDING - SM OFFICE 2 C  - STORY GROUND::Des Latent Heat Load No DOAS [W],ZONE OFFICE WHOLEBUILDING - SM OFFICE 2 C  - STORY GROUND::Des Latent Cool Load No DOAS [W],ZONE OFFICE WHOLEBUILDING - SM OFFICE 2 C  - STORY GROUND:KODIAK ANN HTG 99.6% CONDNS DB:Heating Zone Temperature [C],ZONE OFFICE WHOLEBUILDING - SM OFFICE 2 C  - STORY GROUND:KODIAK ANN HTG 99.6% CONDNS DB:Heating Zone Relative Humidity [%],ZONE OFFICE WHOLEBUILDING - SM OFFICE 2 C  - STORY GROUND:KODIAK JULY .4% CONDNS DB=>MCWB:Cooling Zone Temperature [C],ZONE OFFICE WHOLEBUILDING - SM OFFICE 2 C  - STORY GROUND:KODIAK JULY .4% CONDNS DB=>MCWB:Cooling Zone Relative Humidity [%],ZONE OFFICE WHOLEBUILDING - SM OFFICE 2 C END_A - STORY GROUND:KODIAK ANN HTG 99.6% CONDNS DB:Des Heat Load [W],ZONE OFFICE WHOLEBUILDING - SM OFFICE 2 C END_A - STORY GROUND:KODIAK JULY .4% CONDNS DB=>MCWB:Des Sens Cool Load [W],ZONE OFFICE WHOLEBUILDING - SM OFFICE 2 C END_A - STORY GROUND:KODIAK ANN HTG 99.6% CONDNS DB:Des Heat Mass Flow [kg/s],ZONE OFFICE WHOLEBUILDING - SM OFFICE 2 C END_A - STORY GROUND:KODIAK JULY .4% CONDNS DB=>MCWB:Des Cool Mass Flow [kg/s],ZONE OFFICE WHOLEBUILDING - SM OFFICE 2 C END_A - STORY GROUND::Des Latent Heat Load [W],ZONE OFFICE WHOLEBUILDING - SM OFFICE 2 C END_A - STORY GROUND::Des Latent Cool Load [W],ZONE OFFICE WHOLEBUILDING - SM OFFICE 2 C END_A - STORY GROUND::Des Latent Heat Mass Flow [kg/s],ZONE OFFICE WHOLEBUILDING - SM OFFICE 2 C END_A - STORY GROUND::Des Latent Cool Mass Flow [kg/s],ZONE OFFICE WHOLEBUILDING - SM OFFICE 2 C END_A - STORY GROUND::Des Heat Load No DOAS [W],ZONE OFFICE WHOLEBUILDING - SM OFFICE 2 C END_A - STORY GROUND::Des Sens Cool Load No DOAS [W],ZONE OFFICE WHOLEBUILDING - SM OFFICE 2 C END_A - STORY GROUND::Des Latent Heat Load No DOAS [W],ZONE OFFICE WHOLEBUILDING - SM OFFICE 2 C END_A - STORY GROUND::Des Latent Cool Load No DOAS [W],ZONE OFFICE WHOLEBUILDING - SM OFFICE 2 C END_A - STORY GROUND:KODIAK ANN HTG 99.6% CONDNS DB:Heating Zone Temperature [C],ZONE OFFICE WHOLEBUILDING - SM OFFICE 2 C END_A - STORY GROUND:KODIAK ANN HTG 99.6% CONDNS DB:Heating Zone Relative Humidity [%],ZONE OFFICE WHOLEBUILDING - SM OFFICE 2 C END_A - STORY GROUND:KODIAK JULY .4% CONDNS DB=>MCWB:Cooling Zone Temperature [C],ZONE OFFICE WHOLEBUILDING - SM OFFICE 2 C END_A - STORY GROUND:KODIAK JULY .4% CONDNS DB=>MCWB:Cooling Zone Relative Humidity [%],ZONE OFFICE WHOLEBUILDING - SM OFFICE 2 C END_B - STORY GROUND:KODIAK ANN HTG 99.6% CONDNS DB:Des Heat Load [W],ZONE OFFICE WHOLEBUILDING - SM OFFICE 2 C END_B - STORY GROUND:KODIAK JULY .4% CONDNS DB=>MCWB:Des Sens Cool Load [W],ZONE OFFICE WHOLEBUILDING - SM OFFICE 2 C END_B - STORY GROUND:KODIAK ANN HTG 99.6% CONDNS DB:Des Heat Mass Flow [kg/s],ZONE OFFICE WHOLEBUILDING - SM OFFICE 2 C END_B - STORY GROUND:KODIAK JULY .4% CONDNS DB=>MCWB:Des Cool Mass Flow [kg/s],ZONE OFFICE WHOLEBUILDING - SM OFFICE 2 C END_B - STORY GROUND::Des Latent Heat Load [W],ZONE OFFICE WHOLEBUILDING - SM OFFICE 2 C END_B - STORY GROUND::Des Latent Cool Load [W],ZONE OFFICE WHOLEBUILDING - SM OFFICE 2 C END_B - STORY GROUND::Des Latent Heat Mass Flow [kg/s],ZONE OFFICE WHOLEBUILDING - SM OFFICE 2 C END_B - STORY GROUND::Des Latent Cool Mass Flow [kg/s],ZONE OFFICE WHOLEBUILDING - SM OFFICE 2 C END_B - STORY GROUND::Des Heat Load No DOAS [W],ZONE OFFICE WHOLEBUILDING - SM OFFICE 2 C END_B - STORY GROUND::Des Sens Cool Load No DOAS [W],ZONE OFFICE WHOLEBUILDING - SM OFFICE 2 C END_B - STORY GROUND::Des Latent Heat Load No DOAS [W],ZONE OFFICE WHOLEBUILDING - SM OFFICE 2 C END_B - STORY GROUND::Des Latent Cool Load No DOAS [W],ZONE OFFICE WHOLEBUILDING - SM OFFICE 2 C END_B - STORY GROUND:KODIAK ANN HTG 99.6% CONDNS DB:Heating Zone Temperature [C],ZONE OFFICE WHOLEBUILDING - SM OFFICE 2 C END_B - STORY GROUND:KODIAK ANN HTG 99.6% CONDNS DB:Heating Zone Relative Humidity [%],ZONE OFFICE WHOLEBUILDING - SM OFFICE 2 C END_B - STORY GROUND:KODIAK JULY .4% CONDNS DB=>MCWB:Cooling Zone Temperature [C],ZONE OFFICE WHOLEBUILDING - SM OFFICE 2 C END_B - STORY GROUND:KODIAK JULY .4% CONDNS DB=>MCWB:Cooling Zone Relative Humidity [%]
01:00:00,4.069157E+03,8.764620E+02,1.380781E-01,7.728427E-02,0.000000E+00,0.000000E+00,0.000000E+00,0.000000E+00,0.000000E+00,0.000000E+00,0.000000E+00,0.000000E+00,2.109970E+01,4.097430E+01,2.388918E+01,4.850191E+01,2.156234E+03,3.354363E+02,7.315405E-02,2.958058E-02,0.000000E+00,0.000000E+00,0.000000E+00,0.000000E+00,0.000000E+00,0.000000E+00,0.000000E+00,0.000000E+00,2.109452E+01,4.017225E+01,2.388819E+01,5.136751E+01,2.150518E+03,2.578835E+02,7.296014E-02,2.274161E-02,0.000000E+00,0.000000E+00,0.000000E+00,0.000000E+00,0.000000E+00,0.000000E+00,0.000000E+00,0.000000E+00,2.109452E+01,4.015042E+01,2.388817E+01,5.243013E+01,1.711866E+03,1.575439E+03,5.810919E-02,1.389180E-01,0.000000E+00,0.000000E+00,0.000000E+00,0.000000E+00,0.000000E+00,0.000000E+00,0.000000E+00,0.000000E+00,2.111000E+01,5.116819E+01,2.388921E+01,4.785760E+01,1.981034E+03,6.835703E+02,6.722362E-02,6.027798E-02,0.000000E+00,0.000000E+00,0.000000E+00,0.000000E+00,0.000000E+00,0.000000E+00,0.000000E+00,0.000000E+00,2.110034E+01,4.122626E+01,2.388873E+01,4.895152E+01,1.972505E+03,4.944509E+02,6.693421E-02,4.360218E-02,0.000000E+00,0.000000E+00,0.000000E+00,0.000000E+00,0.000000E+00,0.000000E+00,0.000000E+00,0.000000E+00,2.110034E+01,4.119314E+01,2.388849E+01,5.013995E+01,4.085340E+03,6.661843E+02,1.386272E-01,5.874119E-02,0.000000E+00,0.000000E+00,0.000000E+00,0.000000E+00,0.000000E+00,0.000000E+00,0.000000E+00,0.000000E+00,2.109969E+01,4.100523E+01,2.388943E+01,4.814314E+01,2.161932E+03,3.561595E+02,7.334735E-02,3.140708E-02,0.000000E+00,0.000000E+00,0.000000E+00,0.000000E+00,0.000000E+00,0.000000E+00,0.000000E+00,0.000000E+00,2.109452E+01,4.019392E+01,2.388854E+01,5.022525E+01,2.156219E+03,2.465583E+02,7.315353E-02,2.174230E-02,0.000000E+00,0.000000E+00,0.000000E+00,0.000000E+00,0.000000E+00,0.000000E+00,0.000000E+00,0.000000E+00,2.109452E+01,4.017219E+01,2.388847E+01,5.149405E+01
02:00:00,4.069212E+03,7.853538E+02,1.380799E-01,6.925061E-02,0.000000E+00,0.000000E+00,0.000000E+00,0.000000E+00,0.000000E+00,0.000000E+00,0.000000E+00,0.000000E+00,2.109970E+01,4.097441E+01,2.388918E+01,4.874539E+01,2.156244E+03,2.814087E+02,7.315440E-02,2.481616E-02,0.000000E+00,0.000000E+00,0.000000E+00,0.000000E+00,0.000000E+00,0.000000E+00,0.000000E+00,0.000000E+00,2.109452E+01,4.017229E+01,2.388819E+01,5.208974E+01,2.150528E+03,2.181535E+02,7.296048E-02,1.923789E-02,0.000000E+00,0.000000E+00,0.000000E+00,0.000000E+00,0.000000E+00,0.000000E+00,0.000000E+00,0.000000E+00,2.109452E+01,4.015046E+01,2.388823E+01,5.309919E+01,1.711982E+03,1.521473E+03,5.811315E-02,1.341598E-01,0.000000E+00,0.000000E+00,0.000000E+00,0.000000E+00,0.000000E+00,0.000000E+00,0.000000E+00,0.000000E+00,2.111000E+01,5.116819E+01,2.388918E+01,4.797685E+01,1.981058E+03,6.082602E+02,6.722442E-02,5.363764E-02,0.000000E+00,0.000000E+00,0.000000E+00,0.000000E+00,0.000000E+00,0.000000E+00,0.000000E+00,0.000000E+00,2.110034E+01,4.122636E+01,2.388861E+01,4.942435E+01,1.972529E+03,4.549890E+02,6.693501E-02,4.012241E-02,0.000000E+00,0.000000E+00,0.000000E+00,0.000000E+00,0.000000E+00,0.000000E+00,0.000000E+00,0.000000E+00,2.110034E+01,4.119324E+01,2.388846E+01,5.048606E+01,4.085394E+03,5.884525E+02,1.386290E-01,5.188721E-02,0.000000E+00,0.000000E+00,0.000000E+00,0.000000E+00,0.000000E+00,0.000000E+00,0.000000E+00,0.000000E+00,2.109969E+01,4.100535E+01,2.388941E+01,4.844790E+01,2.161942E+03,2.947740E+02,7.334769E-02,2.599413E-02,0.000000E+00,0.000000E+00,0.000000E+00,0.000000E+00,0.000000E+00,0.000000E+00,0.000000E+00,0.000000E+00,2.109452E+01,4.019397E+01,2.388846E+01,5.101769E+01,2.156229E+03,2.086628E+02,7.315387E-02,1.840056E-02,0.000000E+00,0.000000E+00,0.000000E+00,0.000000E+00,0.000000E+00,0.000000E+00,0.000000E+00,0.000000E+00,2.109452E+01,4.017223E+01,2.388847E+01,5.223177E+01
03:00:00,4.069263E+03,7.088411E+02,1.380817E-01,6.250391E-02,0.000000E+00,0.000000E+00,0.000000E+00,0.000000E+00,0.000000E+00,0.000000E+00,0.000000E+00,0.000000E+00,2.109970E+01,4.097452E+01,2.388917E+01,4.897734E+01,2.156254E+03,2.388116E+02,7.315472E-02,2.105966E-02,0.000000E+00,0.000000E+00,0.000000E+00,0.000000E+00,0.000000E+00,0.000000E+00,0.000000E+00,0.000000E+00,2.109452E+01,4.017233E+01,2.388821E+01,5.276552E+01,2.150538E+03,1.853780E+02,7.296081E-02,1.634748E-02,0.000000E+00,0.000000E+00,0.000000E+00,0.000000E+00,0.000000E+00,0.000000E+00,0.000000E+00,0.000000E+00,2.109452E+01,4.015050E+01,2.388829E+01,5.375252E+01,1.712094E+03,1.477787E+03,5.811693E-02,1.303080E-01,0.000000E+00,0.000000E+00,0.000000E+00,0.000000E+00,0.000000E+00,0.000000E+00,0.000000E+00,0.000000E+00,2.111000E+01,5.116819E+01,2.388915E+01,4.807928E+01,1.981080E+03,5.522908E+02,6.722518E-02,4.870253E-02,0.000000E+00,0.000000E+00,0.000000E+00,0.000000E+00,0.000000E+00,0.000000E+00,0.000000E+00,0.000000E+00,2.110034E+01,4.122646E+01,2.388852E+01,4.980976E+01,1.972551E+03,4.223335E+02,6.693577E-02,3.724284E-02,0.000000E+00,0.000000E+00,0.000000E+00,0.000000E+00,0.000000E+00,0.000000E+00,0.000000E+00,0.000000E+00,2.110034E+01,4.119334E+01,2.388843E+01,5.080044E+01,4.085445E+03,5.296729E+02,1.386308E-01,4.670436E-02,0.000000E+00,0.000000E+00,0.000000E+00,0.000000E+00,0.000000E+00,0.000000E+00,0.000000E+00,0.000000E+00,2.109969E+01,4.100545E+01,2.388939E+01,4.871145E+01,2.161952E+03,2.505843E+02,7.334802E-02,2.209743E-02,0.000000E+00,0.000000E+00,0.000000E+00,0.000000E+00,0.000000E+00,0.000000E+00,0.000000E+00,0.000000E+00,2.109452E+01,4.019401E+01,2.388842E+01,5.168589E+01,2.156238E+03,1.799756E+02,7.315420E-02,1.587083E-02,0.000000E+00,0.000000E+00,0.000000E+00,0.000000E+00,0.000000E+00,0.000000E+00,0.000000E+00,0.000000E+00,2.109452E+01,4.017227E+01,2.388846E+01,5.286451E+01
04:00:00,4.069312E+03,6.406278E+02,1.380833E-01,5.648901E-02,0.000000E+00,0.000000E+00,0.000000E+00,0.000000E+00,0.000000E+00,0.000000E+00,0.000000E+00,0.000000E+00,2.109970E+01,4.097462E+01,2.388918E+01,4.920065E+01,2.156263E+03,2.025657E+02,7.315503E-02,1.786323E-02,0.000000E+00,0.000000E+00,0.000000E+00,0.000000E+00,0.000000E+00,0.000000E+00,0.000000E+00,0.000000E+00,2.109452E+01,4.017237E+01,2.388826E+01,5.341133E+01,2.150547E+03,1.565052E+02,7.296111E-02,1.380127E-02,0.000000E+00,0.000000E+00,0.000000E+00,0.000000E+00,0.000000E+00,0.000000E+00,0.000000E+00,0.000000E+00,2.109452E+01,4.015054E+01,2.388836E+01,5.438873E+01,1.712200E+03,1.440424E+03,5.812054E-02,1.270137E-01,0.000000E+00,0.000000E+00,0.000000E+00,0.000000E+00,0.000000E+00,0.000000E+00,0.000000E+00,0.000000E+00,2.111000E+01,5.116819E+01,2.388913E+01,4.816504E+01,1.981101E+03,5.071617E+02,6.722590E-02,4.472314E-02,0.000000E+00,0.000000E+00,0.000000E+00,0.000000E+00,0.000000E+00,0.000000E+00,0.000000E+00,0.000000E+00,2.110034E+01,4.122655E+01,2.388847E+01,5.013728E+01,1.972572E+03,3.937662E+02,6.693649E-02,3.472374E-02,0.000000E+00,0.000000E+00,0.000000E+00,0.000000E+00,0.000000E+00,0.000000E+00,0.000000E+00,0.000000E+00,2.110034E+01,4.119343E+01,2.388841E+01,5.108747E+01,4.085494E+03,4.811682E+02,1.386324E-01,4.242747E-02,0.000000E+00,0.000000E+00,0.000000E+00,0.000000E+00,0.000000E+00,0.000000E+00,0.000000E+00,0.000000E+00,2.109969E+01,4.100556E+01,2.388938E+01,4.893482E+01,2.161961E+03,2.158557E+02,7.334832E-02,1.903495E-02,0.000000E+00,0.000000E+00,0.000000E+00,0.000000E+00,0.000000E+00,0.000000E+00,0.000000E+00,0.000000E+00,2.109452E+01,4.019404E+01,2.388841E+01,5.226527E+01,2.156248E+03,1.565749E+02,7.315450E-02,1.380728E-02,0.000000E+00,0.000000E+00,0.000000E+00,0.000000E+00,0.000000E+00,0.000000E+00,0.000000E+00,0.000000E+00,2.109452E+01,4.017231E+01,2.388847E+01,5.340990E+01
05:00:00,4.069359E+03,5.820219E+02,1.380849E-01,5.132124E-02,0.000000E+00,0.000000E+00,0.000000E+00,0.000000E+00,0.000000E+00,0.000000E+00,0.000000E+00,0.000000E+00,2.109970E+01,4.097472E+01,2.388919E+01,4.942008E+01,2.156272E+03,1.727355E+02,7.315532E-02,1.523256E-02,0.000000E+00,0.000000E+00,0.000000E+00,0.000000E+00,0.000000E+00,0.000000E+00,0.000000E+00,0.000000E+00,2.109452E+01,4.017240E+01,2.388833E+01,5.404368E+01,2.150556E+03,1.325808E+02,7.296141E-02,1.169141E-02,0.000000E+00,0.000000E+00,0.000000E+00,0.000000E+00,0.000000E+00,0.000000E+00,0.000000E+00,0.000000E+00,2.109452E+01,4.015057E+01,2.388845E+01,5.501790E+01,1.712302E+03,1.407005E+03,5.812398E-02,1.240671E-01,0.000000E+00,0.000000E+00,0.000000E+00,0.000000E+00,0.000000E+00,0.000000E+00,0.000000E+00,0.000000E+00,2.111000E+01,5.116819E+01,2.388911E+01,4.823842E+01,1.981122E+03,4.700659E+02,6.722658E-02,4.145203E-02,0.000000E+00,0.000000E+00,0.000000E+00,0.000000E+00,0.000000E+00,0.000000E+00,0.000000E+00,0.000000E+00,2.110034E+01,4.122663E+01,2.388844E+01,5.043322E+01,1.972593E+03,3.693551E+02,6.693717E-02,3.257111E-02,0.000000E+00,0.000000E+00,0.000000E+00,0.000000E+00,0.000000E+00,0.000000E+00,0.000000E+00,0.000000E+00,2.110034E+01,4.119351E+01,2.388840E+01,5.135670E+01,4.085541E+03,4.420147E+02,1.386340E-01,3.897509E-02,0.000000E+00,0.000000E+00,0.000000E+00,0.000000E+00,0.000000E+00,0.000000E+00,0.000000E+00,0.000000E+00,2.109969E+01,4.100565E+01,2.388938E+01,4.913104E+01,2.161969E+03,1.886966E+02,7.334862E-02,1.663993E-02,0.000000E+00,0.000000E+00,0.000000E+00,0.000000E+00,0.000000E+00,0.000000E+00,0.000000E+00,0.000000E+00,2.109452E+01,4.019408E+01,2.388843E+01,5.279272E+01,2.156256E+03,1.384391E+02,7.315480E-02,1.220798E-02,0.000000E+00,0.000000E+00,0.000000E+00,0.000000E+00,0.000000E+00,0.000000E+00,0.000000E+00,0.000000E+00,2.109452E+01,4.017234E+01,2.388849E+01,5.390055E+01
06:00:00,4.069404E+03,5.419683E+02,1.380864E-01,4.778937E-02,0.000000E+00,0.000000E+00,0.000000E+00,0.000000E+00,0.000000E+00,0.000000E+00,0.000000E+00,0.000000E+00,2.109970E+01,4.097481E+01,2.388920E+01,4.963686E+01,2.156280E+03,1.540468E+02,7.315560E-02,1.358442E-02,0.000000E+00,0.000000E+00,0.000000E+00,0.000000E+00,0.000000E+00,0.000000E+00,0.000000E+00,0.000000E+00,2.109452E+01,4.017244E+01,2.388840E+01,5.466348E+01,2.150564E+03,1.186467E+02,7.296168E-02,1.046258E-02,0.000000E+00,0.000000E+00,0.000000E+00,0.000000E+00,0.000000E+00,0.000000E+00,0.000000E+00,0.000000E+00,2.109452E+01,4.015061E+01,2.388854E+01,5.563665E+01,1.712398E+03,1.446894E+03,5.812727E-02,1.275846E-01,0.000000E+00,0.000000E+00,0.000000E+00,0.000000E+00,0.000000E+00,0.000000E+00,0.000000E+00,0.000000E+00,2.111000E+01,5.116819E+01,2.388909E+01,4.830381E+01,1.981141E+03,4.706296E+02,6.722723E-02,4.150182E-02,0.000000E+00,0.000000E+00,0.000000E+00,0.000000E+00,0.000000E+00,0.000000E+00,0.000000E+00,0.000000E+00,2.110034E+01,4.122671E+01,2.388842E+01,5.070958E+01,1.972612E+03,6.358380E+02,6.693783E-02,5.607062E-02,0.000000E+00,0.000000E+00,0.000000E+00,0.000000E+00,0.000000E+00,0.000000E+00,0.000000E+00,0.000000E+00,2.110034E+01,4.119359E+01,2.388839E+01,5.161268E+01,4.085585E+03,7.588787E+02,1.386355E-01,6.691489E-02,0.000000E+00,0.000000E+00,0.000000E+00,0.000000E+00,0.000000E+00,0.000000E+00,0.000000E+00,0.000000E+00,2.109969E+01,4.100575E+01,2.388938E+01,4.930908E+01,2.161977E+03,2.815287E+02,7.334889E-02,2.482614E-02,0.000000E+00,0.000000E+00,0.000000E+00,0.000000E+00,0.000000E+00,0.000000E+00,0.000000E+00,0.000000E+00,2.109452E+01,4.019411E+01,2.388845E+01,5.328131E+01,2.156264E+03,3.691691E+02,7.315507E-02,3.255442E-02,0.000000E+00,0.000000E+00,0.000000E+00,0.000000E+00,0.000000E+00,0.000000E+00,0.000000E+00,0.000000E+00,2.109452E+01,4.017238E+01,2.388850E+01,5.434719E+01
07:00:00,4.069446E+03,5.966790E+02,1.380879E-01,5.261364E-02,0.000000E+00,0.000000E+00,0.000000E+00,0.000000E+00,0.000000E+00,0.000000E+00,0.000000E+00,0.000000E+00,2.109970E+01,4.097490E+01,2.388919E+01,4.983866E+01,2.156288E+03,1.745706E+02,7.315586E-02,1.539427E-02,0.000000E+00,0.000000E+00,0.000000E+00,0.000000E+00,0.000000E+00,0.000000E+00,0.000000E+00,0.000000E+00,2.109452E+01,4.017247E+01,2.388842E+01,5.521668E+01,2.150572E+03,3.358215E+02,7.296195E-02,2.961358E-02,0.000000E+00,0.000000E+00,0.000000E+00,0.000000E+00,0.000000E+00,0.000000E+00,0.000000E+00,0.000000E+00,2.109452E+01,4.015064E+01,2.388856E+01,5.618170E+01,1.712491E+03,1.552747E+03,5.813041E-02,1.369191E-01,0.000000E+00,0.000000E+00,0.000000E+00,0.000000E+00,0.000000E+00,0.000000E+00,0.000000E+00,0.000000E+00,2.111000E+01,5.116819E+01,2.388904E+01,4.833358E+01,1.981159E+03,5.024883E+02,6.722785E-02,4.431173E-02,0.000000E+00,0.000000E+00,0.000000E+00,0.000000E+00,0.000000E+00,0.000000E+00,0.000000E+00,0.000000E+00,2.110034E+01,4.122679E+01,2.388829E+01,5.088545E+01,1.972630E+03,1.094682E+03,6.693845E-02,9.654340E-02,0.000000E+00,0.000000E+00,0.000000E+00,0.000000E+00,0.000000E+00,0.000000E+00,0.000000E+00,0.000000E+00,2.110034E+01,4.119367E+01,2.388723E+01,5.102732E+01,4.085628E+03,1.001785E+03,1.386369E-01,8.833723E-02,0.000000E+00,0.000000E+00,0.000000E+00,0.000000E+00,0.000000E+00,0.000000E+00,0.000000E+00,0.000000E+00,2.109969E+01,4.100583E+01,2.388889E+01,4.914327E+01,2.161985E+03,3.636667E+02,7.334915E-02,3.207209E-02,0.000000E+00,0.000000E+00,0.000000E+00,0.000000E+00,0.000000E+00,0.000000E+00,0.000000E+00,0.000000E+00,2.109452E+01,4.019414E+01,2.388750E+01,5.303526E+01,2.156272E+03,7.227439E+02,7.315534E-02,6.374845E-02,0.000000E+00,0.000000E+00,0.000000E+00,0.000000E+00,0.000000E+00,0.000000E+00,0.000000E+00,0.000000E+00,2.109452E+01,4.017241E+01,2.388593E+01,5.317354E+01
08:00:00,4.069486E+03,7.435206E+02,1.380892E-01,6.556259E-02,0.000000E+00,0.000000E+00,0.000000E+00,0.000000E+00,0.000000E+00,0.000000E+00,0.000000E+00,0.000000E+00,2.109970E+01,4.097498E+01,2.388905E+01,4.992042E+01,2.156295E+03,2.321033E+02,7.315611E-02,2.046841E-02,0.000000E+00,0.000000E+00,0.000000E+00,0.000000E+00,0.000000E+00,0.000000E+00,0.000000E+00,0.000000E+00,2.109452E+01,4.017250E+01,2.388804E+01,5.539539E+01,2.150579E+03,6.596752E+02,7.296219E-02,5.818552E-02,0.000000E+00,0.000000E+00,0.000000E+00,0.000000E+00,0.000000E+00,0.000000E+00,0.000000E+00,0.000000E+00,2.109452E+01,4.015067E+01,2.388594E+01,5.481196E+01,1.712579E+03,1.665782E+03,5.813340E-02,1.468873E-01,0.000000E+00,0.000000E+00,0.000000E+00,0.000000E+00,0.000000E+00,0.000000E+00,0.000000E+00,0.000000E+00,2.111000E+01,5.116819E+01,2.388897E+01,4.829504E+01,1.981176E+03,5.653212E+02,6.722844E-02,4.985344E-02,0.000000E+00,0.000000E+00,0.000000E+00,0.000000E+00,0.000000E+00,0.000000E+00,0.000000E+00,0.000000E+00,2.110034E+01,4.122686E+01,2.388811E+01,5.087844E+01,1.972648E+03,1.452734E+03,6.693903E-02,1.281321E-01,0.000000E+00,0.000000E+00,0.000000E+00,0.000000E+00,0.000000E+00,0.000000E+00,0.000000E+00,0.000000E+00,2.110034E+01,4.119374E+01,2.388627E+01,4.954055E+01,4.085668E+03,1.025927E+03,1.386383E-01,9.046730E-02,0.000000E+00,0.000000E+00,0.000000E+00,0.000000E+00,0.000000E+00,0.000000E+00,0.000000E+00,0.000000E+00,2.109969E+01,4.100592E+01,2.388874E+01,4.869652E+01,2.161992E+03,3.952866E+02,7.334940E-02,3.486193E-02,0.000000E+00,0.000000E+00,0.000000E+00,0.000000E+00,0.000000E+00,0.000000E+00,0.000000E+00,0.000000E+00,2.109452E+01,4.019417E+01,2.388710E+01,5.220510E+01,2.156279E+03,9.388858E+02,7.315558E-02,8.282219E-02,0.000000E+00,0.000000E+00,0.000000E+00,0.000000E+00,0.000000E+00,0.000000E+00,0.000000E+00,0.000000E+00,2.109452E+01,4.017244E+01,2.388468E+01,5.069257E+01
09:00:00,4.069524E+03,1.052673E+03,1.380905E-01,9.282515E-02,0.000000E+00,0.000000E+00,0.000000E+00,0.000000E+00,0.000000E+00,0.000000E+00,0.000000E+00,0.000000E+00,2.109970E+01,4.097506E+01,2.388882E+01,4.977105E+01,2.156302E+03,3.502231E+02,7.315634E-02,3.088680E-02,0.000000E+00,0.000000E+00,0.000000E+00,0.000000E+00,0.000000E+00,0.000000E+00,0.000000E+00,0.000000E+00,2.109452E+01,4.017253E+01,2.388739E+01,5.493044E+01,2.150586E+03,9.613516E+02,7.296243E-02,8.480739E-02,0.000000E+00,0.000000E+00,0.000000E+00,0.000000E+00,0.000000E+00,0.000000E+00,0.000000E+00,0.000000E+00,2.109452E+01,4.015070E+01,2.388423E+01,5.187732E+01,1.712663E+03,1.788628E+03,5.813626E-02,1.577203E-01,0.000000E+00,0.000000E+00,0.000000E+00,0.000000E+00,0.000000E+00,0.000000E+00,0.000000E+00,0.000000E+00,2.111000E+01,5.116819E+01,2.388894E+01,4.819459E+01,1.981193E+03,6.434776E+02,6.722900E-02,5.674678E-02,0.000000E+00,0.000000E+00,0.000000E+00,0.000000E+00,0.000000E+00,0.000000E+00,0.000000E+00,0.000000E+00,2.110034E+01,4.122693E+01,2.388791E+01,5.065787E+01,1.972664E+03,1.730403E+03,6.693959E-02,1.526178E-01,0.000000E+00,0.000000E+00,0.000000E+00,0.000000E+00,0.000000E+00,0.000000E+00,0.000000E+00,0.000000E+00,2.110034E+01,4.119381E+01,2.388662E+01,4.826217E+01,4.085706E+03,1.081062E+03,1.386396E-01,9.532777E-02,0.000000E+00,0.000000E+00,0.000000E+00,0.000000E+00,0.000000E+00,0.000000E+00,0.000000E+00,0.000000E+00,2.109969E+01,4.100600E+01,2.388890E+01,4.831481E+01,2.161999E+03,4.350029E+02,7.334964E-02,3.836401E-02,0.000000E+00,0.000000E+00,0.000000E+00,0.000000E+00,0.000000E+00,0.000000E+00,0.000000E+00,0.000000E+00,2.109452E+01,4.019420E+01,2.388729E+01,5.147458E+01,2.156286E+03,1.106789E+03,7.315582E-02,9.762494E-02,0.000000E+00,0.000000E+00,0.000000E+00,0.000000E+00,0.000000E+00,0.000000E+00,0.000000E+00,0.000000E+00,2.109452E+01,4.017247E+01,2.388565E+01,4.895409E+01
10:00:00,4.069561E+03,1.637624E+03,1.380918E-01,1.444109E-01,0.000000E+00,0.000000E+00,0.000000E+00,0.000000E+00,0.000000E+00,0.000000E+00,0.000000E+00,0.000000E+00,2.109970E+01,4.097514E+01,2.388848E+01,4.930113E+01,2.156308E+03,5.621547E+02,7.315657E-02,4.958167E-02,0.000000E+00,0.000000E+00,0.000000E+00,0.000000E+00,0.000000E+00,0.000000E+00,0.000000E+00,0.000000E+00,2.109452E+01,4.017255E+01,2.388644E+01,5.368698E+01,2.150592E+03,1.283990E+03,7.296265E-02,1.132647E-01,0.000000E+00,0.000000E+00,0.000000E+00,0.000000E+00,0.000000E+00,0.000000E+00,0.000000E+00,0.000000E+00,2.109452E+01,4.015072E+01,2.388470E+01,4.954670E+01,1.712744E+03,1.935690E+03,5.813899E-02,1.706884E-01,0.000000E+00,0.000000E+00,0.000000E+00,0.000000E+00,0.000000E+00,0.000000E+00,0.000000E+00,0.000000E+00,2.111000E+01,5.116819E+01,2.388893E+01,4.805789E+01,1.981208E+03,7.285027E+02,6.722953E-02,6.424567E-02,0.000000E+00,0.000000E+00,0.000000E+00,0.000000E+00,0.000000E+00,0.000000E+00,0.000000E+00,0.000000E+00,2.110034E+01,4.122700E+01,2.388778E+01,5.028583E+01,1.972680E+03,1.927086E+03,6.694013E-02,1.699534E-01,0.000000E+00,0.000000E+00,0.000000E+00,0.000000E+00,0.000000E+00,0.000000E+00,0.000000E+00,0.000000E+00,2.110034E+01,4.119388E+01,2.388737E+01,4.766733E+01,4.085742E+03,1.221070E+03,1.386408E-01,1.076726E-01,0.000000E+00,0.000000E+00,0.000000E+00,0.000000E+00,0.000000E+00,0.000000E+00,0.000000E+00,0.000000E+00,2.109969E+01,4.100607E+01,2.388901E+01,4.809856E+01,2.162006E+03,4.998860E+02,7.334986E-02,4.408576E-02,0.000000E+00,0.000000E+00,0.000000E+00,0.000000E+00,0.000000E+00,0.000000E+00,0.000000E+00,0.000000E+00,2.109452E+01,4.019423E+01,2.388741E+01,5.102329E+01,2.156293E+03,1.252384E+03,7.315604E-02,1.104561E-01,0.000000E+00,0.000000E+00,0.000000E+00,0.000000E+00,0.000000E+00,0.000000E+00,0.000000E+00,0.000000E+00,2.109452E+01,4.017249E+01,2.388677E+01,4.833497E+01
11:00:00,4.069595E+03,2.351929E+03,1.380929E-01,2.074082E-01,0.000000E+00,0.000000E+00,0.000000E+00,0.000000E+00,0.000000E+00,0.000000E+00,0.000000E+00,0.000000E+00,2.109970E+01,4.097521E+01,2.388806E+01,4.851668E+01,2.156315E+03,8.211911E+02,7.315678E-02,7.243434E-02,0.000000E+00,0.000000E+00,0.000000E+00,0.000000E+00,0.000000E+00,0.000000E+00,0.000000E+00,0.000000E+00,2.109452E+01,4.017258E+01,2.388554E+01,5.183200E+01,2.150599E+03,1.556333E+03,7.296286E-02,1.372761E-01,0.000000E+00,0.000000E+00,0.000000E+00,0.000000E+00,0.000000E+00,0.000000E+00,0.000000E+00,0.000000E+00,2.109452E+01,4.015075E+01,2.388574E+01,4.846972E+01,1.712821E+03,2.092636E+03,5.814160E-02,1.845278E-01,0.000000E+00,0.000000E+00,0.000000E+00,0.000000E+00,0.000000E+00,0.000000E+00,0.000000E+00,0.000000E+00,2.111000E+01,5.116819E+01,2.388893E+01,4.790414E+01,1.981223E+03,8.190296E+02,6.723004E-02,7.222939E-02,0.000000E+00,0.000000E+00,0.000000E+00,0.000000E+00,0.000000E+00,0.000000E+00,0.000000E+00,0.000000E+00,2.110034E+01,4.122706E+01,2.388774E+01,4.986613E+01,1.972695E+03,1.975750E+03,6.694063E-02,1.742370E-01,0.000000E+00,0.000000E+00,0.000000E+00,0.000000E+00,0.000000E+00,0.000000E+00,0.000000E+00,0.000000E+00,2.110034E+01,4.119394E+01,2.388789E+01,4.748992E+01,4.085777E+03,1.375762E+03,1.386420E-01,1.213132E-01,0.000000E+00,0.000000E+00,0.000000E+00,0.000000E+00,0.000000E+00,0.000000E+00,0.000000E+00,0.000000E+00,2.109969E+01,4.100614E+01,2.388901E+01,4.795080E+01,2.162012E+03,5.733114E+02,7.335007E-02,5.056160E-02,0.000000E+00,0.000000E+00,0.000000E+00,0.000000E+00,0.000000E+00,0.000000E+00,0.000000E+00,0.000000E+00,2.109452E+01,4.019425E+01,2.388733E+01,5.065478E+01,2.156299E+03,1.307491E+03,7.315625E-02,1.153110E-01,0.000000E+00,0.000000E+00,0.000000E+00,0.000000E+00,0.000000E+00,0.000000E+00,0.000000E+00,0.000000E+00,2.109452E+01,4.017252E+01,2.388729E+01,4.816387E+01
12:00:00,4.069628E+03,3.027892E+03,1.380941E-01,2.670213E-01,0.000000E+00,0.000000E+00,0.000000E+00,0.000000E+00,0.000000E+00,0.000000E+00,0.000000E+00,0.000000E+00,2.109970E+01,4.097528E+01,2.388797E+01,4.771281E+01,2.156320E+03,1.064990E+03,7.315698E-02,9.394034E-02,0.000000E+00,0.000000E+00,0.000000E+00,0.000000E+00,0.000000E+00,0.000000E+00,0.000000E+00,0.000000E+00,2.109452E+01,4.017260E+01,2.388538E+01,5.009589E+01,2.150605E+03,1.686765E+03,7.296306E-02,1.487702E-01,0.000000E+00,0.000000E+00,0.000000E+00,0.000000E+00,0.000000E+00,0.000000E+00,0.000000E+00,0.000000E+00,2.109452E+01,4.015077E+01,2.388654E+01,4.807733E+01,1.712894E+03,2.235587E+03,5.814409E-02,1.971329E-01,0.000000E+00,0.000000E+00,0.000000E+00,0.000000E+00,0.000000E+00,0.000000E+00,0.000000E+00,0.000000E+00,2.111000E+01,5.116819E+01,2.388894E+01,4.774823E+01,1.981237E+03,8.968106E+02,6.723052E-02,7.908873E-02,0.000000E+00,0.000000E+00,0.000000E+00,0.000000E+00,0.000000E+00,0.000000E+00,0.000000E+00,0.000000E+00,2.110034E+01,4.122712E+01,2.388775E+01,4.947299E+01,1.972709E+03,1.866687E+03,6.694111E-02,1.646150E-01,0.000000E+00,0.000000E+00,0.000000E+00,0.000000E+00,0.000000E+00,0.000000E+00,0.000000E+00,0.000000E+00,2.110034E+01,4.119400E+01,2.388816E+01,4.745417E+01,4.085810E+03,1.503024E+03,1.386431E-01,1.325353E-01,0.000000E+00,0.000000E+00,0.000000E+00,0.000000E+00,0.000000E+00,0.000000E+00,0.000000E+00,0.000000E+00,2.109969E+01,4.100621E+01,2.388898E+01,4.779880E+01,2.162018E+03,6.346840E+02,7.335027E-02,5.597468E-02,0.000000E+00,0.000000E+00,0.000000E+00,0.000000E+00,0.000000E+00,0.000000E+00,0.000000E+00,0.000000E+00,2.109452E+01,4.019428E+01,2.388724E+01,5.025497E+01,2.156305E+03,1.253265E+03,7.315645E-02,1.105264E-01,0.000000E+00,0.000000E+00,0.000000E+00,0.000000E+00,0.000000E+00,0.000000E+00,0.000000E+00,0.000000E+00,2.109452E+01,4.017254E+01,2.388751E+01,4.808059E+01
13:00:00,4.069660E+03,3.582140E+03,1.380951E-01,3.158916E-01,0.000000E+00,0.000000E+00,0.000000E+00,0.000000E+00,0.000000E+00,0.000000E+00,0.000000E+00,0.000000E+00,2.109970E+01,4.097535E+01,2.388822E+01,4.717759E+01,2.156326E+03,1.259587E+03,7.315717E-02,1.111000E-01,0.000000E+00,0.000000E+00,0.000000E+00,0.000000E+00,0.000000E+00,0.000000E+00,0.000000E+00,0.000000E+00,2.109452E+01,4.017263E+01,2.388591E+01,4.901923E+01,2.150610E+03,1.686770E+03,7.296325E-02,1.487644E-01,0.000000E+00,0.000000E+00,0.000000E+00,0.000000E+00,0.000000E+00,0.000000E+00,0.000000E+00,0.000000E+00,2.109452E+01,4.015080E+01,2.388700E+01,4.791775E+01,1.712964E+03,2.348168E+03,5.814646E-02,2.070597E-01,0.000000E+00,0.000000E+00,0.000000E+00,0.000000E+00,0.000000E+00,0.000000E+00,0.000000E+00,0.000000E+00,2.111000E+01,5.116819E+01,2.388897E+01,4.760608E+01,1.981251E+03,9.599400E+02,6.723098E-02,8.465549E-02,0.000000E+00,0.000000E+00,0.000000E+00,0.000000E+00,0.000000E+00,0.000000E+00,0.000000E+00,0.000000E+00,2.110034E+01,4.122718E+01,2.388783E+01,4.915675E+01,1.972722E+03,1.632884E+03,6.694157E-02,1.439948E-01,0.000000E+00,0.000000E+00,0.000000E+00,0.000000E+00,0.000000E+00,0.000000E+00,0.000000E+00,0.000000E+00,2.110034E+01,4.119406E+01,2.388833E+01,4.749831E+01,4.085841E+03,1.602262E+03,1.386442E-01,1.412860E-01,0.000000E+00,0.000000E+00,0.000000E+00,0.000000E+00,0.000000E+00,0.000000E+00,0.000000E+00,0.000000E+00,2.109969E+01,4.100628E+01,2.388899E+01,4.764821E+01,2.162023E+03,6.843044E+02,7.335046E-02,6.035077E-02,0.000000E+00,0.000000E+00,0.000000E+00,0.000000E+00,0.000000E+00,0.000000E+00,0.000000E+00,0.000000E+00,2.109452E+01,4.019430E+01,2.388725E+01,4.988665E+01,2.156311E+03,1.114265E+03,7.315664E-02,9.826609E-02,0.000000E+00,0.000000E+00,0.000000E+00,0.000000E+00,0.000000E+00,0.000000E+00,0.000000E+00,0.000000E+00,2.109452E+01,4.017257E+01,2.388772E+01,4.809669E+01
14:00:00,4.069690E+03,3.941217E+03,1.380961E-01,3.475467E-01,0.000000E+00,0.000000E+00,0.000000E+00,0.000000E+00,0.000000E+00,0.000000E+00,0.000000E+00,0.000000E+00,2.109970E+01,4.097541E+01,2.388854E+01,4.692488E+01,2.156331E+03,1.396957E+03,7.315734E-02,1.232097E-01,0.000000E+00,0.000000E+00,0.000000E+00,0.000000E+00,0.000000E+00,0.000000E+00,0.000000E+00,0.000000E+00,2.109452E+01,4.017265E+01,2.388653E+01,4.851739E+01,2.150616E+03,1.663931E+03,7.296343E-02,1.467462E-01,0.000000E+00,0.000000E+00,0.000000E+00,0.000000E+00,0.000000E+00,0.000000E+00,0.000000E+00,0.000000E+00,2.109452E+01,4.015082E+01,2.388730E+01,4.787858E+01,1.713031E+03,2.424576E+03,5.814873E-02,2.137964E-01,0.000000E+00,0.000000E+00,0.000000E+00,0.000000E+00,0.000000E+00,0.000000E+00,0.000000E+00,0.000000E+00,2.111000E+01,5.116819E+01,2.388901E+01,4.749101E+01,1.981264E+03,1.018710E+03,6.723141E-02,8.983760E-02,0.000000E+00,0.000000E+00,0.000000E+00,0.000000E+00,0.000000E+00,0.000000E+00,0.000000E+00,0.000000E+00,2.110034E+01,4.122723E+01,2.388791E+01,4.892886E+01,1.972735E+03,1.448573E+03,6.694201E-02,1.277396E-01,0.000000E+00,0.000000E+00,0.000000E+00,0.000000E+00,0.000000E+00,0.000000E+00,0.000000E+00,0.000000E+00,2.110034E+01,4.119412E+01,2.388848E+01,4.765019E+01,4.085871E+03,1.668128E+03,1.386452E-01,1.470936E-01,0.000000E+00,0.000000E+00,0.000000E+00,0.000000E+00,0.000000E+00,0.000000E+00,0.000000E+00,0.000000E+00,2.109969E+01,4.100634E+01,2.388902E+01,4.752592E+01,2.162029E+03,7.275591E+02,7.335064E-02,6.416508E-02,0.000000E+00,0.000000E+00,0.000000E+00,0.000000E+00,0.000000E+00,0.000000E+00,0.000000E+00,0.000000E+00,2.109452E+01,4.019432E+01,2.388733E+01,4.961254E+01,2.156316E+03,1.000338E+03,7.315682E-02,8.821727E-02,0.000000E+00,0.000000E+00,0.000000E+00,0.000000E+00,0.000000E+00,0.000000E+00,0.000000E+00,0.000000E+00,2.109452E+01,4.017259E+01,2.388793E+01,4.826603E+01
15:00:00,4.069718E+03,4.071602E+03,1.380971E-01,3.590374E-01,0.000000E+00,0.000000E+00,0.000000E+00,0.000000E+00,0.000000E+00,0.000000E+00,0.000000E+00,0.000000E+00,2.109970E+01,4.097547E+01,2.388876E+01,4.682492E+01,2.156336E+03,1.586958E+03,7.315751E-02,1.399626E-01,0.000000E+00,0.000000E+00,0.000000E+00,0.000000E+00,0.000000E+00,0.000000E+00,0.000000E+00,0.000000E+00,2.109452E+01,4.017267E+01,2.388691E+01,4.828398E+01,2.150621E+03,1.647274E+03,7.296360E-02,1.452754E-01,0.000000E+00,0.000000E+00,0.000000E+00,0.000000E+00,0.000000E+00,0.000000E+00,0.000000E+00,0.000000E+00,2.109452E+01,4.015084E+01,2.388744E+01,4.789444E+01,1.713094E+03,2.468969E+03,5.815089E-02,2.177100E-01,0.000000E+00,0.000000E+00,0.000000E+00,0.000000E+00,0.000000E+00,0.000000E+00,0.000000E+00,0.000000E+00,2.111000E+01,5.116819E+01,2.388906E+01,4.740871E+01,1.981276E+03,1.239796E+03,6.723182E-02,1.093340E-01,0.000000E+00,0.000000E+00,0.000000E+00,0.000000E+00,0.000000E+00,0.000000E+00,0.000000E+00,0.000000E+00,2.110034E+01,4.122728E+01,2.388797E+01,4.876156E+01,1.972747E+03,1.365138E+03,6.694242E-02,1.203818E-01,0.000000E+00,0.000000E+00,0.000000E+00,0.000000E+00,0.000000E+00,0.000000E+00,0.000000E+00,0.000000E+00,2.110034E+01,4.119417E+01,2.388851E+01,4.785311E+01,4.085899E+03,1.696958E+03,1.386462E-01,1.496353E-01,0.000000E+00,0.000000E+00,0.000000E+00,0.000000E+00,0.000000E+00,0.000000E+00,0.000000E+00,0.000000E+00,2.109969E+01,4.100640E+01,2.388906E+01,4.744435E+01,2.162034E+03,8.651623E+02,7.335081E-02,7.630015E-02,0.000000E+00,0.000000E+00,0.000000E+00,0.000000E+00,0.000000E+00,0.000000E+00,0.000000E+00,0.000000E+00,2.109452E+01,4.019434E+01,2.388740E+01,4.942137E+01,2.156321E+03,9.442041E+02,7.315699E-02,8.326658E-02,0.000000E+00,0.000000E+00,0.000000E+00,0.000000E+00,0.000000E+00,0.000000E+00,0.000000E+00,0.000000E+00,2.109452E+01,4.017261E+01,2.388798E+01,4.849887E+01
16:00:00,4.069745E+03,3.934257E+03,1.380980E-01,3.469223E-01,0.000000E+00,0.000000E+00,0.000000E+00,0.000000E+00,0.000000E+00,0.000000E+00,0.000000E+00,0.000000E+00,2.109970E+01,4.097552E+01,2.388889E+01,4.678729E+01,2.156341E+03,1.740203E+03,7.315768E-02,1.534773E-01,0.000000E+00,0.000000E+00,0.000000E+00,0.000000E+00,0.000000E+00,0.000000E+00,0.000000E+00,0.000000E+00,2.109452E+01,4.017269E+01,2.388698E+01,4.805803E+01,2.150625E+03,1.560714E+03,7.296377E-02,1.376410E-01,0.000000E+00,0.000000E+00,0.000000E+00,0.000000E+00,0.000000E+00,0.000000E+00,0.000000E+00,0.000000E+00,2.109452E+01,4.015086E+01,2.388747E+01,4.791553E+01,1.713155E+03,2.477829E+03,5.815296E-02,2.184905E-01,0.000000E+00,0.000000E+00,0.000000E+00,0.000000E+00,0.000000E+00,0.000000E+00,0.000000E+00,0.000000E+00,2.111000E+01,5.116819E+01,2.388910E+01,4.735666E+01,1.981288E+03,1.514228E+03,6.723222E-02,1.335380E-01,0.000000E+00,0.000000E+00,0.000000E+00,0.000000E+00,0.000000E+00,0.000000E+00,0.000000E+00,0.000000E+00,2.110034E+01,4.122733E+01,2.388776E+01,4.845580E+01,1.972759E+03,1.290307E+03,6.694281E-02,1.137837E-01,0.000000E+00,0.000000E+00,0.000000E+00,0.000000E+00,0.000000E+00,0.000000E+00,0.000000E+00,0.000000E+00,2.110034E+01,4.119422E+01,2.388843E+01,4.800844E+01,4.085926E+03,1.683134E+03,1.386471E-01,1.484158E-01,0.000000E+00,0.000000E+00,0.000000E+00,0.000000E+00,0.000000E+00,0.000000E+00,0.000000E+00,0.000000E+00,2.109969E+01,4.100645E+01,2.388909E+01,4.740075E+01,2.162039E+03,1.032702E+03,7.335097E-02,9.107758E-02,0.000000E+00,0.000000E+00,0.000000E+00,0.000000E+00,0.000000E+00,0.000000E+00,0.000000E+00,0.000000E+00,2.109452E+01,4.019436E+01,2.388717E+01,4.909641E+01,2.156326E+03,8.892035E+02,7.315715E-02,7.841684E-02,0.000000E+00,0.000000E+00,0.000000E+00,0.000000E+00,0.000000E+00,0.000000E+00,0.000000E+00,0.000000E+00,2.109452E+01,4.017263E+01,2.388790E+01,4.867238E+01
17:00:00,4.069771E+03,3.544759E+03,1.380989E-01,3.125738E-01,0.000000E+00,0.000000E+00,0.000000E+00,0.000000E+00,0.000000E+00,0.000000E+00,0.000000E+00,0.000000E+00,2.109970E+01,4.097558E+01,2.388898E+01,4.679506E+01,2.156346E+03,1.806978E+03,7.315783E-02,1.593652E-01,0.000000E+00,0.000000E+00,0.000000E+00,0.000000E+00,0.000000E+00,0.000000E+00,0.000000E+00,0.000000E+00,2.109452E+01,4.017271E+01,2.388707E+01,4.785968E+01,2.150630E+03,1.392332E+03,7.296392E-02,1.227903E-01,0.000000E+00,0.000000E+00,0.000000E+00,0.000000E+00,0.000000E+00,0.000000E+00,0.000000E+00,0.000000E+00,2.109452E+01,4.015088E+01,2.388756E+01,4.798787E+01,1.713213E+03,2.445456E+03,5.815493E-02,2.156353E-01,0.000000E+00,0.000000E+00,0.000000E+00,0.000000E+00,0.000000E+00,0.000000E+00,0.000000E+00,0.000000E+00,2.111000E+01,5.116819E+01,2.388913E+01,4.733023E+01,1.981299E+03,1.776199E+03,6.723259E-02,1.566427E-01,0.000000E+00,0.000000E+00,0.000000E+00,0.000000E+00,0.000000E+00,0.000000E+00,0.000000E+00,0.000000E+00,2.110034E+01,4.122737E+01,2.388764E+01,4.804383E+01,1.972770E+03,1.211661E+03,6.694319E-02,1.068490E-01,0.000000E+00,0.000000E+00,0.000000E+00,0.000000E+00,0.000000E+00,0.000000E+00,0.000000E+00,0.000000E+00,2.110034E+01,4.119426E+01,2.388838E+01,4.811960E+01,4.085952E+03,1.632511E+03,1.386480E-01,1.439515E-01,0.000000E+00,0.000000E+00,0.000000E+00,0.000000E+00,0.000000E+00,0.000000E+00,0.000000E+00,0.000000E+00,2.109969E+01,4.100651E+01,2.388913E+01,4.738967E+01,2.162043E+03,1.190596E+03,7.335112E-02,1.050041E-01,0.000000E+00,0.000000E+00,0.000000E+00,0.000000E+00,0.000000E+00,0.000000E+00,0.000000E+00,0.000000E+00,2.109452E+01,4.019438E+01,2.388704E+01,4.866869E+01,2.156330E+03,8.292730E+02,7.315730E-02,7.313201E-02,0.000000E+00,0.000000E+00,0.000000E+00,0.000000E+00,0.000000E+00,0.000000E+00,0.000000E+00,0.000000E+00,2.109452E+01,4.017265E+01,2.388785E+01,4.880363E+01
18:00:00,4.069795E+03,2.935867E+03,1.380997E-01,2.588801E-01,0.000000E+00,0.000000E+00,0.000000E+00,0.000000E+00,0.000000E+00,0.000000E+00,0.000000E+00,0.000000E+00,2.109970E+01,4.097563E+01,2.388907E+01,4.685901E+01,2.156350E+03,1.730709E+03,7.315797E-02,1.526361E-01,0.000000E+00,0.000000E+00,0.000000E+00,0.000000E+00,0.000000E+00,0.000000E+00,0.000000E+00,0.000000E+00,2.109452E+01,4.017272E+01,2.388726E+01,4.776173E+01,2.150634E+03,1.150818E+03,7.296406E-02,1.014898E-01,0.000000E+00,0.000000E+00,0.000000E+00,0.000000E+00,0.000000E+00,0.000000E+00,0.000000E+00,0.000000E+00,2.109452E+01,4.015090E+01,2.388771E+01,4.816865E+01,1.713269E+03,2.370327E+03,5.815681E-02,2.090101E-01,0.000000E+00,0.000000E+00,0.000000E+00,0.000000E+00,0.000000E+00,0.000000E+00,0.000000E+00,0.000000E+00,2.111000E+01,5.116819E+01,2.388916E+01,4.732732E+01,1.981309E+03,1.968637E+03,6.723294E-02,1.736125E-01,0.000000E+00,0.000000E+00,0.000000E+00,0.000000E+00,0.000000E+00,0.000000E+00,0.000000E+00,0.000000E+00,2.110034E+01,4.122742E+01,2.388772E+01,4.768990E+01,1.972780E+03,1.117667E+03,6.694354E-02,9.856036E-02,0.000000E+00,0.000000E+00,0.000000E+00,0.000000E+00,0.000000E+00,0.000000E+00,0.000000E+00,0.000000E+00,2.110034E+01,4.119431E+01,2.388837E+01,4.822897E+01,4.085976E+03,1.535130E+03,1.386488E-01,1.353642E-01,0.000000E+00,0.000000E+00,0.000000E+00,0.000000E+00,0.000000E+00,0.000000E+00,0.000000E+00,0.000000E+00,2.109969E+01,4.100656E+01,2.388916E+01,4.740695E+01,2.162047E+03,1.296416E+03,7.335126E-02,1.143359E-01,0.000000E+00,0.000000E+00,0.000000E+00,0.000000E+00,0.000000E+00,0.000000E+00,0.000000E+00,0.000000E+00,2.109452E+01,4.019440E+01,2.388712E+01,4.830114E+01,2.156334E+03,7.538926E+02,7.315745E-02,6.648428E-02,0.000000E+00,0.000000E+00,0.000000E+00,0.000000E+00,0.000000E+00,0.000000E+00,0.000000E+00,0.000000E+00,2.109452E+01,4.017266E+01,2.388786E+01,4.894684E+01
19:00:00,4.069818E+03,2.306443E+03,1.381005E-01,2.033769E-01,0.000000E+00,0.000000E+00,0.000000E+00,0.000000E+00,0.000000E+00,0.000000E+00,0.000000E+00,0.000000E+00,2.109970E+01,4.097568E+01,2.388916E+01,4.699886E+01,2.156354E+03,1.561514E+03,7.315811E-02,1.377114E-01,0.000000E+00,0.000000E+00,0.000000E+00,0.000000E+00,0.000000E+00,0.000000E+00,0.000000E+00,0.000000E+00,2.109452E+01,4.017274E+01,2.388750E+01,4.780200E+01,2.150638E+03,8.903651E+02,7.296420E-02,7.851939E-02,0.000000E+00,0.000000E+00,0.000000E+00,0.000000E+00,0.000000E+00,0.000000E+00,0.000000E+00,0.000000E+00,2.109452E+01,4.015091E+01,2.388788E+01,4.851035E+01,1.713322E+03,2.260178E+03,5.815861E-02,1.992969E-01,0.000000E+00,0.000000E+00,0.000000E+00,0.000000E+00,0.000000E+00,0.000000E+00,0.000000E+00,0.000000E+00,2.111000E+01,5.116819E+01,2.388918E+01,4.734847E+01,1.981319E+03,2.023434E+03,6.723328E-02,1.784417E-01,0.000000E+00,0.000000E+00,0.000000E+00,0.000000E+00,0.000000E+00,0.000000E+00,0.000000E+00,0.000000E+00,2.110034E+01,4.122746E+01,2.388792E+01,4.747766E+01,1.972790E+03,1.010627E+03,6.694388E-02,8.912100E-02,0.000000E+00,0.000000E+00,0.000000E+00,0.000000E+00,0.000000E+00,0.000000E+00,0.000000E+00,0.000000E+00,2.110034E+01,4.119435E+01,2.388839E+01,4.837172E+01,4.086000E+03,1.406521E+03,1.386496E-01,1.240234E-01,0.000000E+00,0.000000E+00,0.000000E+00,0.000000E+00,0.000000E+00,0.000000E+00,0.000000E+00,0.000000E+00,2.109969E+01,4.100661E+01,2.388920E+01,4.745573E+01,2.162051E+03,1.307368E+03,7.335140E-02,1.152996E-01,0.000000E+00,0.000000E+00,0.000000E+00,0.000000E+00,0.000000E+00,0.000000E+00,0.000000E+00,0.000000E+00,2.109452E+01,4.019441E+01,2.388734E+01,4.808370E+01,2.156338E+03,6.675617E+02,7.315759E-02,5.887063E-02,0.000000E+00,0.000000E+00,0.000000E+00,0.000000E+00,0.000000E+00,0.000000E+00,0.000000E+00,0.000000E+00,2.109452E+01,4.017268E+01,2.388792E+01,4.914679E+01
20:00:00,4.069841E+03,1.929215E+03,1.381013E-01,1.701128E-01,0.000000E+00,0.000000E+00,0.000000E+00,0.000000E+00,0.000000E+00,0.000000E+00,0.000000E+00,0.000000E+00,2.109970E+01,4.097572E+01,2.388922E+01,4.721817E+01,2.156358E+03,1.370743E+03,7.315824E-02,1.208850E-01,0.000000E+00,0.000000E+00,0.000000E+00,0.000000E+00,0.000000E+00,0.000000E+00,0.000000E+00,0.000000E+00,2.109452E+01,4.017276E+01,2.388769E+01,4.796052E+01,2.150642E+03,7.131032E+02,7.296433E-02,6.288615E-02,0.000000E+00,0.000000E+00,0.000000E+00,0.000000E+00,0.000000E+00,0.000000E+00,0.000000E+00,0.000000E+00,2.109452E+01,4.015093E+01,2.388804E+01,4.904377E+01,1.713372E+03,2.156437E+03,5.816032E-02,1.901490E-01,0.000000E+00,0.000000E+00,0.000000E+00,0.000000E+00,0.000000E+00,0.000000E+00,0.000000E+00,0.000000E+00,2.111000E+01,5.116819E+01,2.388920E+01,4.739431E+01,1.981328E+03,2.010317E+03,6.723360E-02,1.772813E-01,0.000000E+00,0.000000E+00,0.000000E+00,0.000000E+00,0.000000E+00,0.000000E+00,0.000000E+00,0.000000E+00,2.110034E+01,4.122750E+01,2.388815E+01,4.740344E+01,1.972800E+03,9.028044E+02,6.694420E-02,7.961251E-02,0.000000E+00,0.000000E+00,0.000000E+00,0.000000E+00,0.000000E+00,0.000000E+00,0.000000E+00,0.000000E+00,2.110034E+01,4.119439E+01,2.388842E+01,4.856365E+01,4.086022E+03,1.478690E+03,1.386503E-01,1.303866E-01,0.000000E+00,0.000000E+00,0.000000E+00,0.000000E+00,0.000000E+00,0.000000E+00,0.000000E+00,0.000000E+00,2.109969E+01,4.100665E+01,2.388923E+01,4.753810E+01,2.162055E+03,1.342467E+03,7.335153E-02,1.183923E-01,0.000000E+00,0.000000E+00,0.000000E+00,0.000000E+00,0.000000E+00,0.000000E+00,0.000000E+00,0.000000E+00,2.109452E+01,4.019443E+01,2.388760E+01,4.802672E+01,2.156342E+03,6.446756E+02,7.315772E-02,5.685198E-02,0.000000E+00,0.000000E+00,0.000000E+00,0.000000E+00,0.000000E+00,0.000000E+00,0.000000E+00,0.000000E+00,2.109452E+01,4.017270E+01,2.388800E+01,4.942160E+01
21:00:00,4.069862E+03,1.586830E+03,1.381020E-01,1.399225E-01,0.000000E+00,0.000000E+00,0.000000E+00,0.000000E+00,0.000000E+00,0.000000E+00,0.000000E+00,0.000000E+00,2.109970E+01,4.097577E+01,2.388920E+01,4.745590E+01,2.156361E+03,9.419598E+02,7.315836E-02,8.307009E-02,0.000000E+00,0.000000E+00,0.000000E+00,0.000000E+00,0.000000E+00,0.000000E+00,0.000000E+00,0.000000E+00,2.109452E+01,4.017277E+01,2.388779E+01,4.819452E+01,2.150646E+03,5.628449E+02,7.296445E-02,4.963540E-02,0.000000E+00,0.000000E+00,0.000000E+00,0.000000E+00,0.000000E+00,0.000000E+00,0.000000E+00,0.000000E+00,2.109452E+01,4.015094E+01,2.388804E+01,4.965176E+01,1.713420E+03,2.058289E+03,5.816196E-02,1.814944E-01,0.000000E+00,0.000000E+00,0.000000E+00,0.000000E+00,0.000000E+00,0.000000E+00,0.000000E+00,0.000000E+00,2.111000E+01,5.116819E+01,2.388921E+01,4.745675E+01,1.981337E+03,1.834139E+03,6.723391E-02,1.617430E-01,0.000000E+00,0.000000E+00,0.000000E+00,0.000000E+00,0.000000E+00,0.000000E+00,0.000000E+00,0.000000E+00,2.110034E+01,4.122754E+01,2.388828E+01,4.740418E+01,1.972809E+03,8.018951E+02,6.694451E-02,7.071380E-02,0.000000E+00,0.000000E+00,0.000000E+00,0.000000E+00,0.000000E+00,0.000000E+00,0.000000E+00,0.000000E+00,2.110034E+01,4.119443E+01,2.388845E+01,4.880273E+01,4.086043E+03,1.559988E+03,1.386510E-01,1.375562E-01,0.000000E+00,0.000000E+00,0.000000E+00,0.000000E+00,0.000000E+00,0.000000E+00,0.000000E+00,0.000000E+00,2.109969E+01,4.100669E+01,2.388916E+01,4.756833E+01,2.162059E+03,1.282402E+03,7.335165E-02,1.130945E-01,0.000000E+00,0.000000E+00,0.000000E+00,0.000000E+00,0.000000E+00,0.000000E+00,0.000000E+00,0.000000E+00,2.109452E+01,4.019444E+01,2.388767E+01,4.799951E+01,2.156346E+03,6.350833E+02,7.315784E-02,5.600661E-02,0.000000E+00,0.000000E+00,0.000000E+00,0.000000E+00,0.000000E+00,0.000000E+00,0.000000E+00,0.000000E+00,2.109452E+01,4.017271E+01,2.388789E+01,4.961609E+01
22:00:00,4.069882E+03,1.315645E+03,1.381027E-01,1.160101E-01,0.000000E+00,0.000000E+00,0.000000E+00,0.000000E+00,0.000000E+00,0.000000E+00,0.000000E+00,0.000000E+00,2.109970E+01,4.097581E+01,2.388921E+01,4.770654E+01,2.156365E+03,6.633670E+02,7.315848E-02,5.849926E-02,0.000000E+00,0.000000E+00,0.000000E+00,0.000000E+00,0.000000E+00,0.000000E+00,0.000000E+00,0.000000E+00,2.109452E+01,4.017278E+01,2.388820E+01,4.880568E+01,2.150649E+03,4.485145E+02,7.296457E-02,3.955281E-02,0.000000E+00,0.000000E+00,0.000000E+00,0.000000E+00,0.000000E+00,0.000000E+00,0.000000E+00,0.000000E+00,2.109452E+01,4.015096E+01,2.388809E+01,5.031863E+01,1.713466E+03,1.913335E+03,5.816352E-02,1.687128E-01,0.000000E+00,0.000000E+00,0.000000E+00,0.000000E+00,0.000000E+00,0.000000E+00,0.000000E+00,0.000000E+00,2.111000E+01,5.116819E+01,2.388921E+01,4.752740E+01,1.981346E+03,1.332091E+03,6.723420E-02,1.174685E-01,0.000000E+00,0.000000E+00,0.000000E+00,0.000000E+00,0.000000E+00,0.000000E+00,0.000000E+00,0.000000E+00,2.110034E+01,4.122757E+01,2.388843E+01,4.749444E+01,1.972817E+03,6.987700E+02,6.694480E-02,6.161987E-02,0.000000E+00,0.000000E+00,0.000000E+00,0.000000E+00,0.000000E+00,0.000000E+00,0.000000E+00,0.000000E+00,2.110034E+01,4.119447E+01,2.388845E+01,4.907933E+01,4.086063E+03,1.272898E+03,1.386517E-01,1.122418E-01,0.000000E+00,0.000000E+00,0.000000E+00,0.000000E+00,0.000000E+00,0.000000E+00,0.000000E+00,0.000000E+00,2.109969E+01,4.100674E+01,2.388910E+01,4.753238E+01,2.162062E+03,9.035351E+02,7.335177E-02,7.968136E-02,0.000000E+00,0.000000E+00,0.000000E+00,0.000000E+00,0.000000E+00,0.000000E+00,0.000000E+00,0.000000E+00,2.109452E+01,4.019446E+01,2.388781E+01,4.804107E+01,2.156349E+03,5.081525E+02,7.315795E-02,4.481327E-02,0.000000E+00,0.000000E+00,0.000000E+00,0.000000E+00,0.000000E+00,0.000000E+00,0.000000E+00,0.000000E+00,2.109452E+01,4.017273E+01,2.388779E+01,4.969763E+01
23:00:00,4.069901E+03,1.129924E+03,1.381033E-01,9.963370E-02,0.000000E+00,0.000000E+00,0.000000E+00,0.000000E+00,0.000000E+00,0.000000E+00,0.000000E+00,0.000000E+00,2.109970E+01,4.097585E+01,2.388921E+01,4.797520E+01,2.156368E+03,5.089033E+02,7.315859E-02,4.487727E-02,0.000000E+00,0.000000E+00,0.000000E+00,0.000000E+00,0.000000E+00,0.000000E+00,0.000000E+00,0.000000E+00,2.109452E+01,4.017280E+01,2.388833E+01,4.968263E+01,2.150652E+03,3.696101E+02,7.296468E-02,3.259440E-02,0.000000E+00,0.000000E+00,0.000000E+00,0.000000E+00,0.000000E+00,0.000000E+00,0.000000E+00,0.000000E+00,2.109452E+01,4.015097E+01,2.388813E+01,5.103476E+01,1.713510E+03,1.759696E+03,5.816501E-02,1.551652E-01,0.000000E+00,0.000000E+00,0.000000E+00,0.000000E+00,0.000000E+00,0.000000E+00,0.000000E+00,0.000000E+00,2.111000E+01,5.116819E+01,2.388922E+01,4.761633E+01,1.981354E+03,9.799077E+02,6.723447E-02,8.640933E-02,0.000000E+00,0.000000E+00,0.000000E+00,0.000000E+00,0.000000E+00,0.000000E+00,0.000000E+00,0.000000E+00,2.110034E+01,4.122761E+01,2.388874E+01,4.784671E+01,1.972826E+03,6.098480E+02,6.694508E-02,5.377822E-02,0.000000E+00,0.000000E+00,0.000000E+00,0.000000E+00,0.000000E+00,0.000000E+00,0.000000E+00,0.000000E+00,2.110034E+01,4.119450E+01,2.388850E+01,4.940415E+01,4.086082E+03,9.554577E+02,1.386524E-01,8.424930E-02,0.000000E+00,0.000000E+00,0.000000E+00,0.000000E+00,0.000000E+00,0.000000E+00,0.000000E+00,0.000000E+00,2.109969E+01,4.100678E+01,2.388926E+01,4.759926E+01,2.162065E+03,6.049552E+02,7.335188E-02,5.334759E-02,0.000000E+00,0.000000E+00,0.000000E+00,0.000000E+00,0.000000E+00,0.000000E+00,0.000000E+00,0.000000E+00,2.109452E+01,4.019447E+01,2.388832E+01,4.850010E+01,2.156353E+03,3.785740E+02,7.315807E-02,3.338494E-02,0.000000E+00,0.000000E+00,0.000000E+00,0.000000E+00,0.000000E+00,0.000000E+00,0.000000E+00,0.000000E+00,2.109452E+01,4.017274E+01,2.388811E+01,5.002785E+01
24:00:00,4.069919E+03,9.893771E+02,1.381039E-01,8.724075E-02,0.000000E+00,0.000000E+00,0.000000E+00,0.000000E+00,0.000000E+00,0.000000E+00,0.000000E+00,0.000000E+00,2.109970E+01,4.097589E+01,2.388919E+01,4.824453E+01,2.156371E+03,4.080642E+02,7.315870E-02,3.598508E-02,0.000000E+00,0.000000E+00,0.000000E+00,0.000000E+00,0.000000E+00,0.000000E+00,0.000000E+00,0.000000E+00,2.109452E+01,4.017281E+01,2.388826E+01,5.057012E+01,2.150655E+03,3.079358E+02,7.296479E-02,2.715557E-02,0.000000E+00,0.000000E+00,0.000000E+00,0.000000E+00,0.000000E+00,0.000000E+00,0.000000E+00,0.000000E+00,2.109452E+01,4.015098E+01,2.388814E+01,5.174471E+01,1.713552E+03,1.649248E+03,5.816644E-02,1.454260E-01,0.000000E+00,0.000000E+00,0.000000E+00,0.000000E+00,0.000000E+00,0.000000E+00,0.000000E+00,0.000000E+00,2.111000E+01,5.116819E+01,2.388923E+01,4.773076E+01,1.981362E+03,7.949393E+02,6.723474E-02,7.009803E-02,0.000000E+00,0.000000E+00,0.000000E+00,0.000000E+00,0.000000E+00,0.000000E+00,0.000000E+00,0.000000E+00,2.110034E+01,4.122764E+01,2.388883E+01,4.839378E+01,1.972833E+03,5.446831E+02,6.694534E-02,4.803171E-02,0.000000E+00,0.000000E+00,0.000000E+00,0.000000E+00,0.000000E+00,0.000000E+00,0.000000E+00,0.000000E+00,2.110034E+01,4.119453E+01,2.388851E+01,4.977012E+01,4.086100E+03,7.780962E+02,1.386530E-01,6.860923E-02,0.000000E+00,0.000000E+00,0.000000E+00,0.000000E+00,0.000000E+00,0.000000E+00,0.000000E+00,0.000000E+00,2.109969E+01,4.100681E+01,2.388941E+01,4.783143E+01,2.162068E+03,4.491075E+02,7.335198E-02,3.960334E-02,0.000000E+00,0.000000E+00,0.000000E+00,0.000000E+00,0.000000E+00,0.000000E+00,0.000000E+00,0.000000E+00,2.109452E+01,4.019448E+01,2.388858E+01,4.932888E+01,2.156356E+03,2.999360E+02,7.315817E-02,2.644945E-02,0.000000E+00,0.000000E+00,0.000000E+00,0.000000E+00,0.000000E+00,0.000000E+00,0.000000E+00,0.000000E+00,2.109452E+01,4.017275E+01,2.388842E+01,5.070105E+01
Peak,4.069919E+03,4.071602E+03,1.381039E-01,3.590374E-01,0.000000E+00,0.000000E+00,0.000000E+00,0.000000E+00,0.000000E+00,0.000000E+00,0.000000E+00,0.000000E+00,,,,,2.156371E+03,1.806978E+03,7.315870E-02,1.593652E-01,0.000000E+00,0.000000E+00,0.000000E+00,0.000000E+00,0.000000E+00,0.000000E+00,0.000000E+00,0.000000E+00,,,,,2.150655E+03,1.686770E+03,7.296479E-02,1.487644E-01,0.000000E+00,0.000000E+00,0.000000E+00,0.000000E+00,0.000000E+00,0.000000E+00,0.000000E+00,0.000000E+00,,,,,1.713552E+03,2.477829E+03,5.816644E-02,2.184905E-01,0.000000E+00,0.000000E+00,0.000000E+00,0.000000E+00,0.000000E+00,0.000000E+00,0.000000E+00,0.000000E+00,,,,,1.981362E+03,2.023434E+03,6.723474E-02,1.784417E-01,0.000000E+00,0.000000E+00,0.000000E+00,0.000000E+00,0.000000E+00,0.000000E+00,0.000000E+00,0.000000E+00,,,,,1.972833E+03,1.975750E+03,6.694534E-02,1.742370E-01,0.000000E+00,0.000000E+00,0.000000E+00,0.000000E+00,0.000000E+00,0.000000E+00,0.000000E+00,0.000000E+00,,,,,4.086100E+03,1.696958E+03,1.386530E-01,1.496353E-01,0.000000E+00,0.000000E+00,0.000000E+00,0.000000E+00,0.000000E+00,0.000000E+00,0.000000E+00,0.000000E+00,,,,,2.162068E+03,1.342467E+03,7.335198E-02,1.183923E-01,0.000000E+00,0.000000E+00,0.000000E+00,0.000000E+00,0.000000E+00,0.000000E+00,0.000000E+00,0.000000E+00,,,,,2.156356E+03,1.307491E+03,7.315817E-02,1.153110E-01,0.000000E+00,0.000000E+00,0.000000E+00,0.000000E+00,0.000000E+00,0.000000E+00,0.000000E+00,0.000000E+00,,,,

Peak Vol Flow (m3/s),,,1.147429E-01,2.983041E-01,,,0.000000E+00,0.000000E+00,,,,,,,,,,,6.078348E-02,1.324077E-01,,,0.000000E+00,0.000000E+00,,,,,,,,,,,6.062237E-02,1.236000E-01,,,0.000000E+00,0.000000E+00,,,,,,,,,,,4.832725E-02,1.815316E-01,,,0.000000E+00,0.000000E+00,,,,,,,,,,,5.586160E-02,1.482573E-01,,,0.000000E+00,0.000000E+00,,,,,,,,,,,5.562115E-02,1.447638E-01,,,0.000000E+00,0.000000E+00,,,,,,,,,,,1.151990E-01,1.243236E-01,,,0.000000E+00,0.000000E+00,,,,,,,,,,,6.094408E-02,9.836555E-02,,,0.000000E+00,0.000000E+00,,,,,,,,,,,6.078305E-02,9.580547E-02,,,0.000000E+00,0.000000E+00,,,,,,,,
